800x600	146192	Assets/Legacy/Recovered/DragonAlphaDMG/Carved/HFSPartition/Images/carve_0034.png
800x600	146192	Assets/Legacy/Recovered/DragonAlphaDMG/Carved/Images/carve_0034.png
800x600	122534	Assets/Legacy/Recovered/DragonAlphaDMG/Carved/HFSPartition/Images/carve_0031.png
800x600	122534	Assets/Legacy/Recovered/DragonAlphaDMG/Carved/Images/carve_0031.png
800x600	28505	Assets/Legacy/Recovered/DragonAlphaDMG/Carved/HFSPartition/Images/carve_0023.png
800x600	28505	Assets/Legacy/Recovered/DragonAlphaDMG/Carved/Images/carve_0023.png
672x512	14192	Assets/Legacy/Recovered/DragonAlphaDMG/Carved/HFSPartition/Images/carve_0030.png
672x512	14192	Assets/Legacy/Recovered/DragonAlphaDMG/Carved/Images/carve_0030.png
800x600	13507	Assets/Legacy/Recovered/DragonAlphaDMG/Carved/HFSPartition/Images/carve_0010.png
800x600	13507	Assets/Legacy/Recovered/DragonAlphaDMG/Carved/Images/carve_0010.png
430x434	2423	Assets/Legacy/Recovered/DragonAlphaDMG/Carved/HFSPartition/Images/carve_0498.jpg
430x434	2423	Assets/Legacy/Recovered/DragonAlphaDMG/Carved/Images/carve_0498.jpg
