<nil>x<nil>	208517	Assets/Legacy/Recovered/DragonAlphaDMG/Carved/Images/carve_0389.jpg
<nil>x<nil>	73181	Assets/Legacy/Recovered/DragonAlphaDMG/Carved/Images/carve_0438.jpg
<nil>x<nil>	372789	Assets/Legacy/Recovered/DragonAlphaDMG/Carved/Images/carve_0376.jpg
<nil>x<nil>	117386	Assets/Legacy/Recovered/DragonAlphaDMG/Carved/Images/carve_0410.jpg
<nil>x<nil>	16251	Assets/Legacy/Recovered/DragonAlphaDMG/Carved/Images/carve_0404.jpg
<nil>x<nil>	4440	Assets/Legacy/Recovered/DragonAlphaDMG/Carved/Images/carve_0362.jpg
<nil>x<nil>	28882	Assets/Legacy/Recovered/DragonAlphaDMG/Carved/Images/carve_0148.jpg
<nil>x<nil>	58103	Assets/Legacy/Recovered/DragonAlphaDMG/Carved/Images/carve_0174.jpg
<nil>x<nil>	18394	Assets/Legacy/Recovered/DragonAlphaDMG/Carved/Images/carve_0160.jpg
64x64	4116	Assets/Legacy/Recovered/DragonAlphaDMG/Carved/Images/carve_0028.jpg
64x64	3108	Assets/Legacy/Recovered/DragonAlphaDMG/Carved/Images/carve_0014.jpg
22x22	1227	Assets/Legacy/Recovered/DragonAlphaDMG/Carved/Images/carve_0028.png
64x64	1961	Assets/Legacy/Recovered/DragonAlphaDMG/Carved/Images/carve_0014.png
<nil>x<nil>	14679	Assets/Legacy/Recovered/DragonAlphaDMG/Carved/Images/carve_0202.jpg
<nil>x<nil>	16249	Assets/Legacy/Recovered/DragonAlphaDMG/Carved/Images/carve_0216.jpg
<nil>x<nil>	46067	Assets/Legacy/Recovered/DragonAlphaDMG/Carved/Images/carve_0217.jpg
<nil>x<nil>	18564	Assets/Legacy/Recovered/DragonAlphaDMG/Carved/Images/carve_0203.jpg
64x64	1959	Assets/Legacy/Recovered/DragonAlphaDMG/Carved/Images/carve_0001.png
64x64	2325	Assets/Legacy/Recovered/DragonAlphaDMG/Carved/Images/carve_0015.png
22x22	1337	Assets/Legacy/Recovered/DragonAlphaDMG/Carved/Images/carve_0029.png
64x64	3600	Assets/Legacy/Recovered/DragonAlphaDMG/Carved/Images/carve_0015.jpg
<nil>x<nil>	19209	Assets/Legacy/Recovered/DragonAlphaDMG/Carved/Images/carve_0001.jpg
64x64	3988	Assets/Legacy/Recovered/DragonAlphaDMG/Carved/Images/carve_0029.jpg
<nil>x<nil>	3584	Assets/Legacy/Recovered/DragonAlphaDMG/Carved/Images/carve_0161.jpg
<nil>x<nil>	7340	Assets/Legacy/Recovered/DragonAlphaDMG/Carved/Images/carve_0175.jpg
<nil>x<nil>	13464	Assets/Legacy/Recovered/DragonAlphaDMG/Carved/Images/carve_0149.jpg
<nil>x<nil>	126371	Assets/Legacy/Recovered/DragonAlphaDMG/Carved/Images/carve_0405.jpg
<nil>x<nil>	203555	Assets/Legacy/Recovered/DragonAlphaDMG/Carved/Images/carve_0363.jpg
<nil>x<nil>	2368	Assets/Legacy/Recovered/DragonAlphaDMG/Carved/Images/carve_0377.jpg
<nil>x<nil>	10016	Assets/Legacy/Recovered/DragonAlphaDMG/Carved/Images/carve_0411.jpg
<nil>x<nil>	10351	Assets/Legacy/Recovered/DragonAlphaDMG/Carved/Images/carve_0439.jpg
<nil>x<nil>	126968	Assets/Legacy/Recovered/DragonAlphaDMG/Carved/Images/carve_0388.jpg
<nil>x<nil>	47358	Assets/Legacy/Recovered/DragonAlphaDMG/Carved/Images/carve_0349.jpg
<nil>x<nil>	36370	Assets/Legacy/Recovered/DragonAlphaDMG/Carved/Images/carve_0361.jpg
<nil>x<nil>	24900	Assets/Legacy/Recovered/DragonAlphaDMG/Carved/Images/carve_0407.jpg
<nil>x<nil>	100344	Assets/Legacy/Recovered/DragonAlphaDMG/Carved/Images/carve_0413.jpg
<nil>x<nil>	6253	Assets/Legacy/Recovered/DragonAlphaDMG/Carved/Images/carve_0375.jpg
<nil>x<nil>	21495	Assets/Legacy/Recovered/DragonAlphaDMG/Carved/Images/carve_0188.jpg
<nil>x<nil>	106143	Assets/Legacy/Recovered/DragonAlphaDMG/Carved/Images/carve_0163.jpg
<nil>x<nil>	2752	Assets/Legacy/Recovered/DragonAlphaDMG/Carved/Images/carve_0177.jpg
64x64	4342	Assets/Legacy/Recovered/DragonAlphaDMG/Carved/Images/carve_0017.jpg
<nil>x<nil>	3750	Assets/Legacy/Recovered/DragonAlphaDMG/Carved/Images/carve_0003.jpg
64x64	2335	Assets/Legacy/Recovered/DragonAlphaDMG/Carved/Images/carve_0003.png
4x64	1172	Assets/Legacy/Recovered/DragonAlphaDMG/Carved/Images/carve_0017.png
<nil>x<nil>	2126	Assets/Legacy/Recovered/DragonAlphaDMG/Carved/Images/carve_0229.jpg
<nil>x<nil>	3786	Assets/Legacy/Recovered/DragonAlphaDMG/Carved/Images/carve_0215.jpg
<nil>x<nil>	25191	Assets/Legacy/Recovered/DragonAlphaDMG/Carved/Images/carve_0201.jpg
<nil>x<nil>	11144	Assets/Legacy/Recovered/DragonAlphaDMG/Carved/Images/carve_0200.jpg
<nil>x<nil>	23254	Assets/Legacy/Recovered/DragonAlphaDMG/Carved/Images/carve_0214.jpg
<nil>x<nil>	56515	Assets/Legacy/Recovered/DragonAlphaDMG/Carved/Images/carve_0228.jpg
64x64	1957	Assets/Legacy/Recovered/DragonAlphaDMG/Carved/Images/carve_0016.png
64x64	2343	Assets/Legacy/Recovered/DragonAlphaDMG/Carved/Images/carve_0002.png
<nil>x<nil>	38918	Assets/Legacy/Recovered/DragonAlphaDMG/Carved/Images/carve_0002.jpg
64x64	3283	Assets/Legacy/Recovered/DragonAlphaDMG/Carved/Images/carve_0016.jpg
<nil>x<nil>	4203	Assets/Legacy/Recovered/DragonAlphaDMG/Carved/Images/carve_0176.jpg
<nil>x<nil>	8913	Assets/Legacy/Recovered/DragonAlphaDMG/Carved/Images/carve_0162.jpg
<nil>x<nil>	11813	Assets/Legacy/Recovered/DragonAlphaDMG/Carved/Images/carve_0189.jpg
<nil>x<nil>	106665	Assets/Legacy/Recovered/DragonAlphaDMG/Carved/Images/carve_0412.jpg
<nil>x<nil>	2739	Assets/Legacy/Recovered/DragonAlphaDMG/Carved/Images/carve_0374.jpg
<nil>x<nil>	38794	Assets/Legacy/Recovered/DragonAlphaDMG/Carved/Images/carve_0360.jpg
<nil>x<nil>	50469	Assets/Legacy/Recovered/DragonAlphaDMG/Carved/Images/carve_0406.jpg
<nil>x<nil>	3228	Assets/Legacy/Recovered/DragonAlphaDMG/Carved/Images/carve_0348.jpg
<nil>x<nil>	68147	Assets/Legacy/Recovered/DragonAlphaDMG/Carved/Images/carve_0402.jpg
<nil>x<nil>	11118	Assets/Legacy/Recovered/DragonAlphaDMG/Carved/Images/carve_0364.jpg
<nil>x<nil>	9828	Assets/Legacy/Recovered/DragonAlphaDMG/Carved/Images/carve_0370.jpg
<nil>x<nil>	2568	Assets/Legacy/Recovered/DragonAlphaDMG/Carved/Images/carve_0416.jpg
<nil>x<nil>	2084	Assets/Legacy/Recovered/DragonAlphaDMG/Carved/Images/carve_0358.jpg
<nil>x<nil>	3236	Assets/Legacy/Recovered/DragonAlphaDMG/Carved/Images/carve_0199.jpg
<nil>x<nil>	54360	Assets/Legacy/Recovered/DragonAlphaDMG/Carved/Images/carve_0166.jpg
<nil>x<nil>	47999	Assets/Legacy/Recovered/DragonAlphaDMG/Carved/Images/carve_0172.jpg
<nil>x<nil>	2513	Assets/Legacy/Recovered/DragonAlphaDMG/Carved/Images/carve_0012.jpg
<nil>x<nil>	4289	Assets/Legacy/Recovered/DragonAlphaDMG/Carved/Images/carve_0006.jpg
64x64	1949	Assets/Legacy/Recovered/DragonAlphaDMG/Carved/Images/carve_0006.png
64x64	1966	Assets/Legacy/Recovered/DragonAlphaDMG/Carved/Images/carve_0012.png
<nil>x<nil>	35323	Assets/Legacy/Recovered/DragonAlphaDMG/Carved/Images/carve_0210.jpg
<nil>x<nil>	66634	Assets/Legacy/Recovered/DragonAlphaDMG/Carved/Images/carve_0204.jpg
<nil>x<nil>	2302	Assets/Legacy/Recovered/DragonAlphaDMG/Carved/Images/carve_0238.jpg
<nil>x<nil>	6790	Assets/Legacy/Recovered/DragonAlphaDMG/Carved/Images/carve_0239.jpg
<nil>x<nil>	69460	Assets/Legacy/Recovered/DragonAlphaDMG/Carved/Images/carve_0205.jpg
<nil>x<nil>	17560	Assets/Legacy/Recovered/DragonAlphaDMG/Carved/Images/carve_0211.jpg
384x64	3938	Assets/Legacy/Recovered/DragonAlphaDMG/Carved/Images/carve_0013.png
64x64	2294	Assets/Legacy/Recovered/DragonAlphaDMG/Carved/Images/carve_0007.png
<nil>x<nil>	139446	Assets/Legacy/Recovered/DragonAlphaDMG/Carved/Images/carve_0007.jpg
64x64	4177	Assets/Legacy/Recovered/DragonAlphaDMG/Carved/Images/carve_0013.jpg
<nil>x<nil>	7725	Assets/Legacy/Recovered/DragonAlphaDMG/Carved/Images/carve_0173.jpg
<nil>x<nil>	14117	Assets/Legacy/Recovered/DragonAlphaDMG/Carved/Images/carve_0167.jpg
<nil>x<nil>	3448	Assets/Legacy/Recovered/DragonAlphaDMG/Carved/Images/carve_0198.jpg
<nil>x<nil>	10736	Assets/Legacy/Recovered/DragonAlphaDMG/Carved/Images/carve_0359.jpg
<nil>x<nil>	35605	Assets/Legacy/Recovered/DragonAlphaDMG/Carved/Images/carve_0371.jpg
<nil>x<nil>	37103	Assets/Legacy/Recovered/DragonAlphaDMG/Carved/Images/carve_0417.jpg
<nil>x<nil>	68032	Assets/Legacy/Recovered/DragonAlphaDMG/Carved/Images/carve_0403.jpg
<nil>x<nil>	66493	Assets/Legacy/Recovered/DragonAlphaDMG/Carved/Images/carve_0365.jpg
<nil>x<nil>	14447	Assets/Legacy/Recovered/DragonAlphaDMG/Carved/Images/carve_0398.jpg
<nil>x<nil>	69685	Assets/Legacy/Recovered/DragonAlphaDMG/Carved/Images/carve_0415.jpg
<nil>x<nil>	35687	Assets/Legacy/Recovered/DragonAlphaDMG/Carved/Images/carve_0373.jpg
<nil>x<nil>	103727	Assets/Legacy/Recovered/DragonAlphaDMG/Carved/Images/carve_0367.jpg
<nil>x<nil>	89853	Assets/Legacy/Recovered/DragonAlphaDMG/Carved/Images/carve_0401.jpg
<nil>x<nil>	62074	Assets/Legacy/Recovered/DragonAlphaDMG/Carved/Images/carve_0429.jpg
<nil>x<nil>	7042	Assets/Legacy/Recovered/DragonAlphaDMG/Carved/Images/carve_0171.jpg
<nil>x<nil>	44993	Assets/Legacy/Recovered/DragonAlphaDMG/Carved/Images/carve_0165.jpg
<nil>x<nil>	180025	Assets/Legacy/Recovered/DragonAlphaDMG/Carved/Images/carve_0159.jpg
<nil>x<nil>	321536	Assets/Legacy/Recovered/DragonAlphaDMG/Carved/Images/carve_0005.jpg
<nil>x<nil>	180974	Assets/Legacy/Recovered/DragonAlphaDMG/Carved/Images/carve_0011.jpg
<nil>x<nil>	2143	Assets/Legacy/Recovered/DragonAlphaDMG/Carved/Images/carve_0039.jpg
4x64	1172	Assets/Legacy/Recovered/DragonAlphaDMG/Carved/Images/carve_0011.png
64x64	2218	Assets/Legacy/Recovered/DragonAlphaDMG/Carved/Images/carve_0005.png
<nil>x<nil>	3988	Assets/Legacy/Recovered/DragonAlphaDMG/Carved/Images/carve_0207.jpg
<nil>x<nil>	17760	Assets/Legacy/Recovered/DragonAlphaDMG/Carved/Images/carve_0213.jpg
<nil>x<nil>	5041	Assets/Legacy/Recovered/DragonAlphaDMG/Carved/Images/carve_0212.jpg
<nil>x<nil>	3582	Assets/Legacy/Recovered/DragonAlphaDMG/Carved/Images/carve_0206.jpg
64x64	1900	Assets/Legacy/Recovered/DragonAlphaDMG/Carved/Images/carve_0004.png
800x600	13507	Assets/Legacy/Recovered/DragonAlphaDMG/Carved/Images/carve_0010.png
64x64	3564	Assets/Legacy/Recovered/DragonAlphaDMG/Carved/Images/carve_0038.jpg
<nil>x<nil>	4289	Assets/Legacy/Recovered/DragonAlphaDMG/Carved/Images/carve_0010.jpg
<nil>x<nil>	24359	Assets/Legacy/Recovered/DragonAlphaDMG/Carved/Images/carve_0004.jpg
<nil>x<nil>	62391	Assets/Legacy/Recovered/DragonAlphaDMG/Carved/Images/carve_0158.jpg
<nil>x<nil>	4134	Assets/Legacy/Recovered/DragonAlphaDMG/Carved/Images/carve_0164.jpg
<nil>x<nil>	8240	Assets/Legacy/Recovered/DragonAlphaDMG/Carved/Images/carve_0170.jpg
<nil>x<nil>	2363	Assets/Legacy/Recovered/DragonAlphaDMG/Carved/Images/carve_0428.jpg
<nil>x<nil>	15267	Assets/Legacy/Recovered/DragonAlphaDMG/Carved/Images/carve_0366.jpg
<nil>x<nil>	87880	Assets/Legacy/Recovered/DragonAlphaDMG/Carved/Images/carve_0400.jpg
<nil>x<nil>	82387	Assets/Legacy/Recovered/DragonAlphaDMG/Carved/Images/carve_0414.jpg
<nil>x<nil>	11906	Assets/Legacy/Recovered/DragonAlphaDMG/Carved/Images/carve_0372.jpg
<nil>x<nil>	38123	Assets/Legacy/Recovered/DragonAlphaDMG/Carved/Images/carve_0399.jpg
430x434	2423	Assets/Legacy/Recovered/DragonAlphaDMG/Carved/Images/carve_0498.jpg
<nil>x<nil>	30710	Assets/Legacy/Recovered/DragonAlphaDMG/Carved/Images/carve_0329.jpg
<nil>x<nil>	338217	Assets/Legacy/Recovered/DragonAlphaDMG/Carved/Images/carve_0473.jpg
<nil>x<nil>	12742	Assets/Legacy/Recovered/DragonAlphaDMG/Carved/Images/carve_0315.jpg
<nil>x<nil>	474201	Assets/Legacy/Recovered/DragonAlphaDMG/Carved/Images/carve_0301.jpg
<nil>x<nil>	15931	Assets/Legacy/Recovered/DragonAlphaDMG/Carved/Images/carve_0467.jpg
64x64	6450	Assets/Legacy/Recovered/DragonAlphaDMG/Carved/Images/carve_0117.jpg
<nil>x<nil>	15996	Assets/Legacy/Recovered/DragonAlphaDMG/Carved/Images/carve_0103.jpg
64x64	4283	Assets/Legacy/Recovered/DragonAlphaDMG/Carved/Images/carve_0088.jpg
<nil>x<nil>	2742	Assets/Legacy/Recovered/DragonAlphaDMG/Carved/Images/carve_0063.jpg
64x64	2717	Assets/Legacy/Recovered/DragonAlphaDMG/Carved/Images/carve_0077.jpg
<nil>x<nil>	6590	Assets/Legacy/Recovered/DragonAlphaDMG/Carved/Images/carve_0249.jpg
<nil>x<nil>	69695	Assets/Legacy/Recovered/DragonAlphaDMG/Carved/Images/carve_0261.jpg
<nil>x<nil>	24406	Assets/Legacy/Recovered/DragonAlphaDMG/Carved/Images/carve_0275.jpg
<nil>x<nil>	866420	Assets/Legacy/Recovered/DragonAlphaDMG/Carved/Images/carve_0274.jpg
<nil>x<nil>	13767	Assets/Legacy/Recovered/DragonAlphaDMG/Carved/Images/carve_0260.jpg
<nil>x<nil>	2934	Assets/Legacy/Recovered/DragonAlphaDMG/Carved/Images/carve_0248.jpg
64x64	4173	Assets/Legacy/Recovered/DragonAlphaDMG/Carved/Images/carve_0076.jpg
64x64	5119	Assets/Legacy/Recovered/DragonAlphaDMG/Carved/Images/carve_0062.jpg
64x64	4799	Assets/Legacy/Recovered/DragonAlphaDMG/Carved/Images/carve_0089.jpg
64x64	4946	Assets/Legacy/Recovered/DragonAlphaDMG/Carved/Images/carve_0102.jpg
64x64	5769	Assets/Legacy/Recovered/DragonAlphaDMG/Carved/Images/carve_0116.jpg
<nil>x<nil>	26884	Assets/Legacy/Recovered/DragonAlphaDMG/Carved/Images/carve_0300.jpg
<nil>x<nil>	292796	Assets/Legacy/Recovered/DragonAlphaDMG/Carved/Images/carve_0466.jpg
<nil>x<nil>	216454	Assets/Legacy/Recovered/DragonAlphaDMG/Carved/Images/carve_0472.jpg
<nil>x<nil>	48133	Assets/Legacy/Recovered/DragonAlphaDMG/Carved/Images/carve_0314.jpg
<nil>x<nil>	17502	Assets/Legacy/Recovered/DragonAlphaDMG/Carved/Images/carve_0328.jpg
<nil>x<nil>	10171	Assets/Legacy/Recovered/DragonAlphaDMG/Carved/Images/carve_0458.jpg
<nil>x<nil>	5008	Assets/Legacy/Recovered/DragonAlphaDMG/Carved/Images/carve_0464.jpg
<nil>x<nil>	382844	Assets/Legacy/Recovered/DragonAlphaDMG/Carved/Images/carve_0302.jpg
<nil>x<nil>	17026	Assets/Legacy/Recovered/DragonAlphaDMG/Carved/Images/carve_0316.jpg
<nil>x<nil>	54794	Assets/Legacy/Recovered/DragonAlphaDMG/Carved/Images/carve_0470.jpg
64x64	4258	Assets/Legacy/Recovered/DragonAlphaDMG/Carved/Images/carve_0128.jpg
64x64	4717	Assets/Legacy/Recovered/DragonAlphaDMG/Carved/Images/carve_0100.jpg
64x64	5250	Assets/Legacy/Recovered/DragonAlphaDMG/Carved/Images/carve_0114.jpg
64x64	4202	Assets/Legacy/Recovered/DragonAlphaDMG/Carved/Images/carve_0048.jpg
64x64	2411	Assets/Legacy/Recovered/DragonAlphaDMG/Carved/Images/carve_0074.jpg
<nil>x<nil>	2396	Assets/Legacy/Recovered/DragonAlphaDMG/Carved/Images/carve_0060.jpg
<nil>x<nil>	1176020	Assets/Legacy/Recovered/DragonAlphaDMG/Carved/Images/carve_0289.jpg
<nil>x<nil>	11644	Assets/Legacy/Recovered/DragonAlphaDMG/Carved/Images/carve_0276.jpg
<nil>x<nil>	2075	Assets/Legacy/Recovered/DragonAlphaDMG/Carved/Images/carve_0262.jpg
<nil>x<nil>	66475	Assets/Legacy/Recovered/DragonAlphaDMG/Carved/Images/carve_0263.jpg
<nil>x<nil>	5510	Assets/Legacy/Recovered/DragonAlphaDMG/Carved/Images/carve_0277.jpg
<nil>x<nil>	17095	Assets/Legacy/Recovered/DragonAlphaDMG/Carved/Images/carve_0288.jpg
<nil>x<nil>	2441	Assets/Legacy/Recovered/DragonAlphaDMG/Carved/Images/carve_0061.jpg
64x64	4345	Assets/Legacy/Recovered/DragonAlphaDMG/Carved/Images/carve_0075.jpg
<nil>x<nil>	2127	Assets/Legacy/Recovered/DragonAlphaDMG/Carved/Images/carve_0049.jpg
64x64	4901	Assets/Legacy/Recovered/DragonAlphaDMG/Carved/Images/carve_0115.jpg
64x64	5266	Assets/Legacy/Recovered/DragonAlphaDMG/Carved/Images/carve_0101.jpg
64x64	3924	Assets/Legacy/Recovered/DragonAlphaDMG/Carved/Images/carve_0129.jpg
<nil>x<nil>	42307	Assets/Legacy/Recovered/DragonAlphaDMG/Carved/Images/carve_0317.jpg
<nil>x<nil>	4506	Assets/Legacy/Recovered/DragonAlphaDMG/Carved/Images/carve_0471.jpg
<nil>x<nil>	334654	Assets/Legacy/Recovered/DragonAlphaDMG/Carved/Images/carve_0465.jpg
<nil>x<nil>	5707	Assets/Legacy/Recovered/DragonAlphaDMG/Carved/Images/carve_0303.jpg
<nil>x<nil>	9075	Assets/Legacy/Recovered/DragonAlphaDMG/Carved/Images/carve_0459.jpg
<nil>x<nil>	1507450	Assets/Legacy/Recovered/DragonAlphaDMG/Carved/Images/carve_0307.jpg
<nil>x<nil>	3876	Assets/Legacy/Recovered/DragonAlphaDMG/Carved/Images/carve_0461.jpg
<nil>x<nil>	450869	Assets/Legacy/Recovered/DragonAlphaDMG/Carved/Images/carve_0475.jpg
<nil>x<nil>	51887	Assets/Legacy/Recovered/DragonAlphaDMG/Carved/Images/carve_0313.jpg
<nil>x<nil>	20073	Assets/Legacy/Recovered/DragonAlphaDMG/Carved/Images/carve_0449.jpg
64x64	5160	Assets/Legacy/Recovered/DragonAlphaDMG/Carved/Images/carve_0105.jpg
128x128	13214	Assets/Legacy/Recovered/DragonAlphaDMG/Carved/Images/carve_0111.jpg
<nil>x<nil>	12388	Assets/Legacy/Recovered/DragonAlphaDMG/Carved/Images/carve_0139.jpg
64x64	3006	Assets/Legacy/Recovered/DragonAlphaDMG/Carved/Images/carve_0071.jpg
64x64	2426	Assets/Legacy/Recovered/DragonAlphaDMG/Carved/Images/carve_0065.jpg
<nil>x<nil>	2263	Assets/Legacy/Recovered/DragonAlphaDMG/Carved/Images/carve_0059.jpg
<nil>x<nil>	3017	Assets/Legacy/Recovered/DragonAlphaDMG/Carved/Images/carve_0298.jpg
<nil>x<nil>	3944	Assets/Legacy/Recovered/DragonAlphaDMG/Carved/Images/carve_0273.jpg
<nil>x<nil>	2790	Assets/Legacy/Recovered/DragonAlphaDMG/Carved/Images/carve_0267.jpg
<nil>x<nil>	9824	Assets/Legacy/Recovered/DragonAlphaDMG/Carved/Images/carve_0266.jpg
<nil>x<nil>	1062068	Assets/Legacy/Recovered/DragonAlphaDMG/Carved/Images/carve_0272.jpg
<nil>x<nil>	2161	Assets/Legacy/Recovered/DragonAlphaDMG/Carved/Images/carve_0299.jpg
64x64	2363	Assets/Legacy/Recovered/DragonAlphaDMG/Carved/Images/carve_0058.jpg
64x64	4177	Assets/Legacy/Recovered/DragonAlphaDMG/Carved/Images/carve_0064.jpg
64x64	3425	Assets/Legacy/Recovered/DragonAlphaDMG/Carved/Images/carve_0070.jpg
<nil>x<nil>	10816	Assets/Legacy/Recovered/DragonAlphaDMG/Carved/Images/carve_0138.jpg
64x64	6297	Assets/Legacy/Recovered/DragonAlphaDMG/Carved/Images/carve_0110.jpg
64x64	5974	Assets/Legacy/Recovered/DragonAlphaDMG/Carved/Images/carve_0104.jpg
<nil>x<nil>	6052	Assets/Legacy/Recovered/DragonAlphaDMG/Carved/Images/carve_0448.jpg
<nil>x<nil>	208949	Assets/Legacy/Recovered/DragonAlphaDMG/Carved/Images/carve_0474.jpg
<nil>x<nil>	15995	Assets/Legacy/Recovered/DragonAlphaDMG/Carved/Images/carve_0312.jpg
<nil>x<nil>	7517	Assets/Legacy/Recovered/DragonAlphaDMG/Carved/Images/carve_0306.jpg
<nil>x<nil>	12428	Assets/Legacy/Recovered/DragonAlphaDMG/Carved/Images/carve_0460.jpg
<nil>x<nil>	99677	Assets/Legacy/Recovered/DragonAlphaDMG/Carved/Images/carve_0489.jpg
<nil>x<nil>	15996	Assets/Legacy/Recovered/DragonAlphaDMG/Carved/Images/carve_0310.jpg
<nil>x<nil>	15477	Assets/Legacy/Recovered/DragonAlphaDMG/Carved/Images/carve_0476.jpg
<nil>x<nil>	25930	Assets/Legacy/Recovered/DragonAlphaDMG/Carved/Images/carve_0462.jpg
<nil>x<nil>	8529	Assets/Legacy/Recovered/DragonAlphaDMG/Carved/Images/carve_0304.jpg
<nil>x<nil>	15311	Assets/Legacy/Recovered/DragonAlphaDMG/Carved/Images/carve_0338.jpg
128x128	9411	Assets/Legacy/Recovered/DragonAlphaDMG/Carved/Images/carve_0112.jpg
64x64	3942	Assets/Legacy/Recovered/DragonAlphaDMG/Carved/Images/carve_0106.jpg
128x128	20642	Assets/Legacy/Recovered/DragonAlphaDMG/Carved/Images/carve_0099.jpg
64x64	2605	Assets/Legacy/Recovered/DragonAlphaDMG/Carved/Images/carve_0066.jpg
64x64	2452	Assets/Legacy/Recovered/DragonAlphaDMG/Carved/Images/carve_0072.jpg
<nil>x<nil>	15902	Assets/Legacy/Recovered/DragonAlphaDMG/Carved/Images/carve_0264.jpg
<nil>x<nil>	5824	Assets/Legacy/Recovered/DragonAlphaDMG/Carved/Images/carve_0270.jpg
<nil>x<nil>	15369	Assets/Legacy/Recovered/DragonAlphaDMG/Carved/Images/carve_0258.jpg
<nil>x<nil>	26435	Assets/Legacy/Recovered/DragonAlphaDMG/Carved/Images/carve_0259.jpg
<nil>x<nil>	338735	Assets/Legacy/Recovered/DragonAlphaDMG/Carved/Images/carve_0271.jpg
<nil>x<nil>	7185	Assets/Legacy/Recovered/DragonAlphaDMG/Carved/Images/carve_0265.jpg
64x64	4773	Assets/Legacy/Recovered/DragonAlphaDMG/Carved/Images/carve_0073.jpg
64x64	3777	Assets/Legacy/Recovered/DragonAlphaDMG/Carved/Images/carve_0067.jpg
64x64	5362	Assets/Legacy/Recovered/DragonAlphaDMG/Carved/Images/carve_0098.jpg
64x64	4413	Assets/Legacy/Recovered/DragonAlphaDMG/Carved/Images/carve_0107.jpg
64x64	4722	Assets/Legacy/Recovered/DragonAlphaDMG/Carved/Images/carve_0113.jpg
<nil>x<nil>	51222	Assets/Legacy/Recovered/DragonAlphaDMG/Carved/Images/carve_0339.jpg
<nil>x<nil>	5312	Assets/Legacy/Recovered/DragonAlphaDMG/Carved/Images/carve_0463.jpg
<nil>x<nil>	19743	Assets/Legacy/Recovered/DragonAlphaDMG/Carved/Images/carve_0305.jpg
<nil>x<nil>	339123	Assets/Legacy/Recovered/DragonAlphaDMG/Carved/Images/carve_0311.jpg
<nil>x<nil>	28793	Assets/Legacy/Recovered/DragonAlphaDMG/Carved/Images/carve_0477.jpg
<nil>x<nil>	5035	Assets/Legacy/Recovered/DragonAlphaDMG/Carved/Images/carve_0488.jpg
<nil>x<nil>	167605	Assets/Legacy/Recovered/DragonAlphaDMG/Carved/Images/carve_0491.jpg
<nil>x<nil>	201245	Assets/Legacy/Recovered/DragonAlphaDMG/Carved/Images/carve_0485.jpg
<nil>x<nil>	9392	Assets/Legacy/Recovered/DragonAlphaDMG/Carved/Images/carve_0308.jpg
<nil>x<nil>	643709	Assets/Legacy/Recovered/DragonAlphaDMG/Carved/Images/carve_0452.jpg
<nil>x<nil>	5389	Assets/Legacy/Recovered/DragonAlphaDMG/Carved/Images/carve_0334.jpg
<nil>x<nil>	130162	Assets/Legacy/Recovered/DragonAlphaDMG/Carved/Images/carve_0320.jpg
<nil>x<nil>	127148	Assets/Legacy/Recovered/DragonAlphaDMG/Carved/Images/carve_0446.jpg
<nil>x<nil>	14840	Assets/Legacy/Recovered/DragonAlphaDMG/Carved/Images/carve_0136.jpg
64x64	4926	Assets/Legacy/Recovered/DragonAlphaDMG/Carved/Images/carve_0122.jpg
64x64	5583	Assets/Legacy/Recovered/DragonAlphaDMG/Carved/Images/carve_0081.jpg
82x112	7597	Assets/Legacy/Recovered/DragonAlphaDMG/Carved/Images/carve_0095.jpg
64x64	2849	Assets/Legacy/Recovered/DragonAlphaDMG/Carved/Images/carve_0042.jpg
64x64	3046	Assets/Legacy/Recovered/DragonAlphaDMG/Carved/Images/carve_0056.jpg
<nil>x<nil>	8679	Assets/Legacy/Recovered/DragonAlphaDMG/Carved/Images/carve_0283.jpg
<nil>x<nil>	11279	Assets/Legacy/Recovered/DragonAlphaDMG/Carved/Images/carve_0297.jpg
<nil>x<nil>	12388	Assets/Legacy/Recovered/DragonAlphaDMG/Carved/Images/carve_0268.jpg
<nil>x<nil>	7212	Assets/Legacy/Recovered/DragonAlphaDMG/Carved/Images/carve_0240.jpg
<nil>x<nil>	17727	Assets/Legacy/Recovered/DragonAlphaDMG/Carved/Images/carve_0254.jpg
<nil>x<nil>	23758	Assets/Legacy/Recovered/DragonAlphaDMG/Carved/Images/carve_0255.jpg
<nil>x<nil>	41499	Assets/Legacy/Recovered/DragonAlphaDMG/Carved/Images/carve_0241.jpg
<nil>x<nil>	11106	Assets/Legacy/Recovered/DragonAlphaDMG/Carved/Images/carve_0269.jpg
<nil>x<nil>	105264	Assets/Legacy/Recovered/DragonAlphaDMG/Carved/Images/carve_0296.jpg
<nil>x<nil>	13926	Assets/Legacy/Recovered/DragonAlphaDMG/Carved/Images/carve_0282.jpg
64x64	2429	Assets/Legacy/Recovered/DragonAlphaDMG/Carved/Images/carve_0057.jpg
<nil>x<nil>	2734	Assets/Legacy/Recovered/DragonAlphaDMG/Carved/Images/carve_0043.jpg
<nil>x<nil>	5562	Assets/Legacy/Recovered/DragonAlphaDMG/Carved/Images/carve_0094.jpg
64x64	2820	Assets/Legacy/Recovered/DragonAlphaDMG/Carved/Images/carve_0080.jpg
64x64	5268	Assets/Legacy/Recovered/DragonAlphaDMG/Carved/Images/carve_0123.jpg
<nil>x<nil>	2637	Assets/Legacy/Recovered/DragonAlphaDMG/Carved/Images/carve_0137.jpg
<nil>x<nil>	827108	Assets/Legacy/Recovered/DragonAlphaDMG/Carved/Images/carve_0321.jpg
<nil>x<nil>	30331	Assets/Legacy/Recovered/DragonAlphaDMG/Carved/Images/carve_0447.jpg
<nil>x<nil>	2650	Assets/Legacy/Recovered/DragonAlphaDMG/Carved/Images/carve_0453.jpg
<nil>x<nil>	97917	Assets/Legacy/Recovered/DragonAlphaDMG/Carved/Images/carve_0335.jpg
<nil>x<nil>	7748	Assets/Legacy/Recovered/DragonAlphaDMG/Carved/Images/carve_0309.jpg
<nil>x<nil>	115243	Assets/Legacy/Recovered/DragonAlphaDMG/Carved/Images/carve_0484.jpg
<nil>x<nil>	106750	Assets/Legacy/Recovered/DragonAlphaDMG/Carved/Images/carve_0490.jpg
<nil>x<nil>	117077	Assets/Legacy/Recovered/DragonAlphaDMG/Carved/Images/carve_0486.jpg
<nil>x<nil>	44037	Assets/Legacy/Recovered/DragonAlphaDMG/Carved/Images/carve_0492.jpg
<nil>x<nil>	4858	Assets/Legacy/Recovered/DragonAlphaDMG/Carved/Images/carve_0479.jpg
<nil>x<nil>	65940	Assets/Legacy/Recovered/DragonAlphaDMG/Carved/Images/carve_0445.jpg
<nil>x<nil>	102232	Assets/Legacy/Recovered/DragonAlphaDMG/Carved/Images/carve_0323.jpg
<nil>x<nil>	182246	Assets/Legacy/Recovered/DragonAlphaDMG/Carved/Images/carve_0337.jpg
<nil>x<nil>	4458	Assets/Legacy/Recovered/DragonAlphaDMG/Carved/Images/carve_0451.jpg
64x64	5118	Assets/Legacy/Recovered/DragonAlphaDMG/Carved/Images/carve_0109.jpg
128x128	17673	Assets/Legacy/Recovered/DragonAlphaDMG/Carved/Images/carve_0121.jpg
<nil>x<nil>	77109	Assets/Legacy/Recovered/DragonAlphaDMG/Carved/Images/carve_0135.jpg
<nil>x<nil>	5493	Assets/Legacy/Recovered/DragonAlphaDMG/Carved/Images/carve_0096.jpg
64x64	4197	Assets/Legacy/Recovered/DragonAlphaDMG/Carved/Images/carve_0082.jpg
64x64	3933	Assets/Legacy/Recovered/DragonAlphaDMG/Carved/Images/carve_0069.jpg
64x64	3019	Assets/Legacy/Recovered/DragonAlphaDMG/Carved/Images/carve_0055.jpg
64x64	3835	Assets/Legacy/Recovered/DragonAlphaDMG/Carved/Images/carve_0041.jpg
<nil>x<nil>	12504	Assets/Legacy/Recovered/DragonAlphaDMG/Carved/Images/carve_0294.jpg
<nil>x<nil>	11978	Assets/Legacy/Recovered/DragonAlphaDMG/Carved/Images/carve_0280.jpg
<nil>x<nil>	3736	Assets/Legacy/Recovered/DragonAlphaDMG/Carved/Images/carve_0257.jpg
<nil>x<nil>	8964	Assets/Legacy/Recovered/DragonAlphaDMG/Carved/Images/carve_0243.jpg
<nil>x<nil>	7607	Assets/Legacy/Recovered/DragonAlphaDMG/Carved/Images/carve_0242.jpg
<nil>x<nil>	20154	Assets/Legacy/Recovered/DragonAlphaDMG/Carved/Images/carve_0256.jpg
<nil>x<nil>	10439	Assets/Legacy/Recovered/DragonAlphaDMG/Carved/Images/carve_0281.jpg
<nil>x<nil>	14790	Assets/Legacy/Recovered/DragonAlphaDMG/Carved/Images/carve_0295.jpg
64x64	4975	Assets/Legacy/Recovered/DragonAlphaDMG/Carved/Images/carve_0040.jpg
64x64	4003	Assets/Legacy/Recovered/DragonAlphaDMG/Carved/Images/carve_0054.jpg
64x64	4655	Assets/Legacy/Recovered/DragonAlphaDMG/Carved/Images/carve_0068.jpg
64x64	3751	Assets/Legacy/Recovered/DragonAlphaDMG/Carved/Images/carve_0083.jpg
128x128	13453	Assets/Legacy/Recovered/DragonAlphaDMG/Carved/Images/carve_0097.jpg
<nil>x<nil>	29498	Assets/Legacy/Recovered/DragonAlphaDMG/Carved/Images/carve_0134.jpg
64x64	5327	Assets/Legacy/Recovered/DragonAlphaDMG/Carved/Images/carve_0120.jpg
64x64	4220	Assets/Legacy/Recovered/DragonAlphaDMG/Carved/Images/carve_0108.jpg
<nil>x<nil>	145208	Assets/Legacy/Recovered/DragonAlphaDMG/Carved/Images/carve_0336.jpg
<nil>x<nil>	7373	Assets/Legacy/Recovered/DragonAlphaDMG/Carved/Images/carve_0450.jpg
<nil>x<nil>	10307	Assets/Legacy/Recovered/DragonAlphaDMG/Carved/Images/carve_0444.jpg
<nil>x<nil>	13025	Assets/Legacy/Recovered/DragonAlphaDMG/Carved/Images/carve_0322.jpg
<nil>x<nil>	2748	Assets/Legacy/Recovered/DragonAlphaDMG/Carved/Images/carve_0478.jpg
<nil>x<nil>	113800	Assets/Legacy/Recovered/DragonAlphaDMG/Carved/Images/carve_0493.jpg
<nil>x<nil>	115445	Assets/Legacy/Recovered/DragonAlphaDMG/Carved/Images/carve_0487.jpg
<nil>x<nil>	127945	Assets/Legacy/Recovered/DragonAlphaDMG/Carved/Images/carve_0483.jpg
<nil>x<nil>	116558	Assets/Legacy/Recovered/DragonAlphaDMG/Carved/Images/carve_0497.jpg
<nil>x<nil>	159960	Assets/Legacy/Recovered/DragonAlphaDMG/Carved/Images/carve_0326.jpg
<nil>x<nil>	65271	Assets/Legacy/Recovered/DragonAlphaDMG/Carved/Images/carve_0440.jpg
<nil>x<nil>	2731	Assets/Legacy/Recovered/DragonAlphaDMG/Carved/Images/carve_0454.jpg
<nil>x<nil>	37754	Assets/Legacy/Recovered/DragonAlphaDMG/Carved/Images/carve_0332.jpg
<nil>x<nil>	156722	Assets/Legacy/Recovered/DragonAlphaDMG/Carved/Images/carve_0468.jpg
64x64	5063	Assets/Legacy/Recovered/DragonAlphaDMG/Carved/Images/carve_0124.jpg
64x64	4618	Assets/Legacy/Recovered/DragonAlphaDMG/Carved/Images/carve_0130.jpg
64x64	6881	Assets/Legacy/Recovered/DragonAlphaDMG/Carved/Images/carve_0118.jpg
112x112	7515	Assets/Legacy/Recovered/DragonAlphaDMG/Carved/Images/carve_0093.jpg
64x64	6416	Assets/Legacy/Recovered/DragonAlphaDMG/Carved/Images/carve_0087.jpg
<nil>x<nil>	2264	Assets/Legacy/Recovered/DragonAlphaDMG/Carved/Images/carve_0050.jpg
64x64	4052	Assets/Legacy/Recovered/DragonAlphaDMG/Carved/Images/carve_0044.jpg
64x64	2428	Assets/Legacy/Recovered/DragonAlphaDMG/Carved/Images/carve_0078.jpg
<nil>x<nil>	995708	Assets/Legacy/Recovered/DragonAlphaDMG/Carved/Images/carve_0291.jpg
<nil>x<nil>	6856	Assets/Legacy/Recovered/DragonAlphaDMG/Carved/Images/carve_0285.jpg
<nil>x<nil>	82481	Assets/Legacy/Recovered/DragonAlphaDMG/Carved/Images/carve_0252.jpg
<nil>x<nil>	87602	Assets/Legacy/Recovered/DragonAlphaDMG/Carved/Images/carve_0246.jpg
<nil>x<nil>	38058	Assets/Legacy/Recovered/DragonAlphaDMG/Carved/Images/carve_0247.jpg
<nil>x<nil>	20444	Assets/Legacy/Recovered/DragonAlphaDMG/Carved/Images/carve_0253.jpg
<nil>x<nil>	2791	Assets/Legacy/Recovered/DragonAlphaDMG/Carved/Images/carve_0284.jpg
<nil>x<nil>	1692176	Assets/Legacy/Recovered/DragonAlphaDMG/Carved/Images/carve_0290.jpg
64x64	2867	Assets/Legacy/Recovered/DragonAlphaDMG/Carved/Images/carve_0079.jpg
64x64	2829	Assets/Legacy/Recovered/DragonAlphaDMG/Carved/Images/carve_0045.jpg
64x64	4007	Assets/Legacy/Recovered/DragonAlphaDMG/Carved/Images/carve_0051.jpg
64x64	5294	Assets/Legacy/Recovered/DragonAlphaDMG/Carved/Images/carve_0086.jpg
192x192	17617	Assets/Legacy/Recovered/DragonAlphaDMG/Carved/Images/carve_0092.jpg
<nil>x<nil>	13459	Assets/Legacy/Recovered/DragonAlphaDMG/Carved/Images/carve_0119.jpg
64x64	4242	Assets/Legacy/Recovered/DragonAlphaDMG/Carved/Images/carve_0131.jpg
64x64	3907	Assets/Legacy/Recovered/DragonAlphaDMG/Carved/Images/carve_0125.jpg
<nil>x<nil>	191416	Assets/Legacy/Recovered/DragonAlphaDMG/Carved/Images/carve_0469.jpg
<nil>x<nil>	5792	Assets/Legacy/Recovered/DragonAlphaDMG/Carved/Images/carve_0455.jpg
<nil>x<nil>	135256	Assets/Legacy/Recovered/DragonAlphaDMG/Carved/Images/carve_0333.jpg
<nil>x<nil>	9836	Assets/Legacy/Recovered/DragonAlphaDMG/Carved/Images/carve_0327.jpg
<nil>x<nil>	202234	Assets/Legacy/Recovered/DragonAlphaDMG/Carved/Images/carve_0441.jpg
<nil>x<nil>	99486	Assets/Legacy/Recovered/DragonAlphaDMG/Carved/Images/carve_0496.jpg
<nil>x<nil>	22628	Assets/Legacy/Recovered/DragonAlphaDMG/Carved/Images/carve_0482.jpg
<nil>x<nil>	3829	Assets/Legacy/Recovered/DragonAlphaDMG/Carved/Images/carve_0494.jpg
<nil>x<nil>	290961	Assets/Legacy/Recovered/DragonAlphaDMG/Carved/Images/carve_0480.jpg
<nil>x<nil>	49095	Assets/Legacy/Recovered/DragonAlphaDMG/Carved/Images/carve_0331.jpg
<nil>x<nil>	4876	Assets/Legacy/Recovered/DragonAlphaDMG/Carved/Images/carve_0457.jpg
<nil>x<nil>	55068	Assets/Legacy/Recovered/DragonAlphaDMG/Carved/Images/carve_0443.jpg
<nil>x<nil>	4264	Assets/Legacy/Recovered/DragonAlphaDMG/Carved/Images/carve_0325.jpg
<nil>x<nil>	44125	Assets/Legacy/Recovered/DragonAlphaDMG/Carved/Images/carve_0319.jpg
128x128	14707	Assets/Legacy/Recovered/DragonAlphaDMG/Carved/Images/carve_0133.jpg
64x64	4386	Assets/Legacy/Recovered/DragonAlphaDMG/Carved/Images/carve_0127.jpg
64x64	3095	Assets/Legacy/Recovered/DragonAlphaDMG/Carved/Images/carve_0084.jpg
64x64	3415	Assets/Legacy/Recovered/DragonAlphaDMG/Carved/Images/carve_0090.jpg
64x64	3214	Assets/Legacy/Recovered/DragonAlphaDMG/Carved/Images/carve_0047.jpg
64x64	3146	Assets/Legacy/Recovered/DragonAlphaDMG/Carved/Images/carve_0053.jpg
<nil>x<nil>	48318	Assets/Legacy/Recovered/DragonAlphaDMG/Carved/Images/carve_0286.jpg
<nil>x<nil>	157057	Assets/Legacy/Recovered/DragonAlphaDMG/Carved/Images/carve_0292.jpg
<nil>x<nil>	12993	Assets/Legacy/Recovered/DragonAlphaDMG/Carved/Images/carve_0245.jpg
<nil>x<nil>	6568	Assets/Legacy/Recovered/DragonAlphaDMG/Carved/Images/carve_0251.jpg
<nil>x<nil>	41374	Assets/Legacy/Recovered/DragonAlphaDMG/Carved/Images/carve_0279.jpg
<nil>x<nil>	17135	Assets/Legacy/Recovered/DragonAlphaDMG/Carved/Images/carve_0278.jpg
<nil>x<nil>	28150	Assets/Legacy/Recovered/DragonAlphaDMG/Carved/Images/carve_0250.jpg
<nil>x<nil>	28398	Assets/Legacy/Recovered/DragonAlphaDMG/Carved/Images/carve_0244.jpg
<nil>x<nil>	49556	Assets/Legacy/Recovered/DragonAlphaDMG/Carved/Images/carve_0293.jpg
<nil>x<nil>	341808	Assets/Legacy/Recovered/DragonAlphaDMG/Carved/Images/carve_0287.jpg
64x64	4878	Assets/Legacy/Recovered/DragonAlphaDMG/Carved/Images/carve_0052.jpg
64x64	3906	Assets/Legacy/Recovered/DragonAlphaDMG/Carved/Images/carve_0046.jpg
64x64	4070	Assets/Legacy/Recovered/DragonAlphaDMG/Carved/Images/carve_0091.jpg
64x64	4254	Assets/Legacy/Recovered/DragonAlphaDMG/Carved/Images/carve_0085.jpg
64x64	4838	Assets/Legacy/Recovered/DragonAlphaDMG/Carved/Images/carve_0126.jpg
64x64	6381	Assets/Legacy/Recovered/DragonAlphaDMG/Carved/Images/carve_0132.jpg
<nil>x<nil>	116379	Assets/Legacy/Recovered/DragonAlphaDMG/Carved/Images/carve_0318.jpg
<nil>x<nil>	8632	Assets/Legacy/Recovered/DragonAlphaDMG/Carved/Images/carve_0442.jpg
<nil>x<nil>	16142	Assets/Legacy/Recovered/DragonAlphaDMG/Carved/Images/carve_0324.jpg
<nil>x<nil>	16713	Assets/Legacy/Recovered/DragonAlphaDMG/Carved/Images/carve_0330.jpg
<nil>x<nil>	7932	Assets/Legacy/Recovered/DragonAlphaDMG/Carved/Images/carve_0456.jpg
<nil>x<nil>	1674223	Assets/Legacy/Recovered/DragonAlphaDMG/Carved/Images/carve_0481.jpg
<nil>x<nil>	50475	Assets/Legacy/Recovered/DragonAlphaDMG/Carved/Images/carve_0495.jpg
<nil>x<nil>	59835	Assets/Legacy/Recovered/DragonAlphaDMG/Carved/Images/carve_0394.jpg
<nil>x<nil>	1314276	Assets/Legacy/Recovered/DragonAlphaDMG/Carved/Images/carve_0380.jpg
<nil>x<nil>	217647	Assets/Legacy/Recovered/DragonAlphaDMG/Carved/Images/carve_0419.jpg
<nil>x<nil>	2341	Assets/Legacy/Recovered/DragonAlphaDMG/Carved/Images/carve_0357.jpg
<nil>x<nil>	8210	Assets/Legacy/Recovered/DragonAlphaDMG/Carved/Images/carve_0431.jpg
<nil>x<nil>	2604	Assets/Legacy/Recovered/DragonAlphaDMG/Carved/Images/carve_0425.jpg
<nil>x<nil>	8091	Assets/Legacy/Recovered/DragonAlphaDMG/Carved/Images/carve_0343.jpg
<nil>x<nil>	2901	Assets/Legacy/Recovered/DragonAlphaDMG/Carved/Images/carve_0196.jpg
<nil>x<nil>	40548	Assets/Legacy/Recovered/DragonAlphaDMG/Carved/Images/carve_0182.jpg
<nil>x<nil>	10333	Assets/Legacy/Recovered/DragonAlphaDMG/Carved/Images/carve_0169.jpg
<nil>x<nil>	21736	Assets/Legacy/Recovered/DragonAlphaDMG/Carved/Images/carve_0155.jpg
<nil>x<nil>	7909	Assets/Legacy/Recovered/DragonAlphaDMG/Carved/Images/carve_0141.jpg
<nil>x<nil>	382739	Assets/Legacy/Recovered/DragonAlphaDMG/Carved/Images/carve_0009.jpg
64x64	3179	Assets/Legacy/Recovered/DragonAlphaDMG/Carved/Images/carve_0021.jpg
64x64	2978	Assets/Legacy/Recovered/DragonAlphaDMG/Carved/Images/carve_0035.jpg
64x64	2350	Assets/Legacy/Recovered/DragonAlphaDMG/Carved/Images/carve_0009.png
64x64	2345	Assets/Legacy/Recovered/DragonAlphaDMG/Carved/Images/carve_0021.png
<nil>x<nil>	6876	Assets/Legacy/Recovered/DragonAlphaDMG/Carved/Images/carve_0223.jpg
<nil>x<nil>	32131	Assets/Legacy/Recovered/DragonAlphaDMG/Carved/Images/carve_0237.jpg
<nil>x<nil>	17220	Assets/Legacy/Recovered/DragonAlphaDMG/Carved/Images/carve_0236.jpg
<nil>x<nil>	23008	Assets/Legacy/Recovered/DragonAlphaDMG/Carved/Images/carve_0222.jpg
64x64	1968	Assets/Legacy/Recovered/DragonAlphaDMG/Carved/Images/carve_0020.png
800x600	146192	Assets/Legacy/Recovered/DragonAlphaDMG/Carved/Images/carve_0034.png
64x64	1965	Assets/Legacy/Recovered/DragonAlphaDMG/Carved/Images/carve_0008.png
64x64	2803	Assets/Legacy/Recovered/DragonAlphaDMG/Carved/Images/carve_0034.jpg
64x64	3695	Assets/Legacy/Recovered/DragonAlphaDMG/Carved/Images/carve_0020.jpg
<nil>x<nil>	2513	Assets/Legacy/Recovered/DragonAlphaDMG/Carved/Images/carve_0008.jpg
<nil>x<nil>	16542	Assets/Legacy/Recovered/DragonAlphaDMG/Carved/Images/carve_0140.jpg
<nil>x<nil>	205711	Assets/Legacy/Recovered/DragonAlphaDMG/Carved/Images/carve_0154.jpg
<nil>x<nil>	21874	Assets/Legacy/Recovered/DragonAlphaDMG/Carved/Images/carve_0168.jpg
<nil>x<nil>	18424	Assets/Legacy/Recovered/DragonAlphaDMG/Carved/Images/carve_0183.jpg
<nil>x<nil>	9506	Assets/Legacy/Recovered/DragonAlphaDMG/Carved/Images/carve_0197.jpg
<nil>x<nil>	185338	Assets/Legacy/Recovered/DragonAlphaDMG/Carved/Images/carve_0424.jpg
<nil>x<nil>	191243	Assets/Legacy/Recovered/DragonAlphaDMG/Carved/Images/carve_0342.jpg
<nil>x<nil>	152643	Assets/Legacy/Recovered/DragonAlphaDMG/Carved/Images/carve_0356.jpg
<nil>x<nil>	123928	Assets/Legacy/Recovered/DragonAlphaDMG/Carved/Images/carve_0430.jpg
<nil>x<nil>	69802	Assets/Legacy/Recovered/DragonAlphaDMG/Carved/Images/carve_0418.jpg
<nil>x<nil>	30331	Assets/Legacy/Recovered/DragonAlphaDMG/Carved/Images/carve_0381.jpg
<nil>x<nil>	67531	Assets/Legacy/Recovered/DragonAlphaDMG/Carved/Images/carve_0395.jpg
<nil>x<nil>	20073	Assets/Legacy/Recovered/DragonAlphaDMG/Carved/Images/carve_0383.jpg
<nil>x<nil>	65399	Assets/Legacy/Recovered/DragonAlphaDMG/Carved/Images/carve_0397.jpg
<nil>x<nil>	16267	Assets/Legacy/Recovered/DragonAlphaDMG/Carved/Images/carve_0368.jpg
<nil>x<nil>	91588	Assets/Legacy/Recovered/DragonAlphaDMG/Carved/Images/carve_0340.jpg
<nil>x<nil>	10759	Assets/Legacy/Recovered/DragonAlphaDMG/Carved/Images/carve_0426.jpg
<nil>x<nil>	2096	Assets/Legacy/Recovered/DragonAlphaDMG/Carved/Images/carve_0432.jpg
<nil>x<nil>	55993	Assets/Legacy/Recovered/DragonAlphaDMG/Carved/Images/carve_0354.jpg
<nil>x<nil>	15715	Assets/Legacy/Recovered/DragonAlphaDMG/Carved/Images/carve_0181.jpg
<nil>x<nil>	2186	Assets/Legacy/Recovered/DragonAlphaDMG/Carved/Images/carve_0195.jpg
<nil>x<nil>	18451	Assets/Legacy/Recovered/DragonAlphaDMG/Carved/Images/carve_0142.jpg
<nil>x<nil>	20419	Assets/Legacy/Recovered/DragonAlphaDMG/Carved/Images/carve_0156.jpg
64x64	2179	Assets/Legacy/Recovered/DragonAlphaDMG/Carved/Images/carve_0036.jpg
64x64	2968	Assets/Legacy/Recovered/DragonAlphaDMG/Carved/Images/carve_0022.jpg
64x64	1966	Assets/Legacy/Recovered/DragonAlphaDMG/Carved/Images/carve_0022.png
<nil>x<nil>	2954	Assets/Legacy/Recovered/DragonAlphaDMG/Carved/Images/carve_0208.jpg
<nil>x<nil>	5995	Assets/Legacy/Recovered/DragonAlphaDMG/Carved/Images/carve_0234.jpg
<nil>x<nil>	5629	Assets/Legacy/Recovered/DragonAlphaDMG/Carved/Images/carve_0220.jpg
<nil>x<nil>	3804	Assets/Legacy/Recovered/DragonAlphaDMG/Carved/Images/carve_0221.jpg
<nil>x<nil>	8233	Assets/Legacy/Recovered/DragonAlphaDMG/Carved/Images/carve_0235.jpg
<nil>x<nil>	7030	Assets/Legacy/Recovered/DragonAlphaDMG/Carved/Images/carve_0209.jpg
800x600	28505	Assets/Legacy/Recovered/DragonAlphaDMG/Carved/Images/carve_0023.png
64x64	2621	Assets/Legacy/Recovered/DragonAlphaDMG/Carved/Images/carve_0023.jpg
64x64	2542	Assets/Legacy/Recovered/DragonAlphaDMG/Carved/Images/carve_0037.jpg
<nil>x<nil>	22895	Assets/Legacy/Recovered/DragonAlphaDMG/Carved/Images/carve_0157.jpg
<nil>x<nil>	9936	Assets/Legacy/Recovered/DragonAlphaDMG/Carved/Images/carve_0143.jpg
<nil>x<nil>	2249	Assets/Legacy/Recovered/DragonAlphaDMG/Carved/Images/carve_0194.jpg
<nil>x<nil>	45117	Assets/Legacy/Recovered/DragonAlphaDMG/Carved/Images/carve_0180.jpg
<nil>x<nil>	42970	Assets/Legacy/Recovered/DragonAlphaDMG/Carved/Images/carve_0433.jpg
<nil>x<nil>	2134	Assets/Legacy/Recovered/DragonAlphaDMG/Carved/Images/carve_0355.jpg
<nil>x<nil>	8109	Assets/Legacy/Recovered/DragonAlphaDMG/Carved/Images/carve_0341.jpg
<nil>x<nil>	122837	Assets/Legacy/Recovered/DragonAlphaDMG/Carved/Images/carve_0427.jpg
<nil>x<nil>	21410	Assets/Legacy/Recovered/DragonAlphaDMG/Carved/Images/carve_0369.jpg
<nil>x<nil>	165317	Assets/Legacy/Recovered/DragonAlphaDMG/Carved/Images/carve_0396.jpg
<nil>x<nil>	6052	Assets/Legacy/Recovered/DragonAlphaDMG/Carved/Images/carve_0382.jpg
<nil>x<nil>	237940	Assets/Legacy/Recovered/DragonAlphaDMG/Carved/Images/carve_0386.jpg
<nil>x<nil>	45208	Assets/Legacy/Recovered/DragonAlphaDMG/Carved/Images/carve_0392.jpg
<nil>x<nil>	234888	Assets/Legacy/Recovered/DragonAlphaDMG/Carved/Images/carve_0423.jpg
<nil>x<nil>	9027	Assets/Legacy/Recovered/DragonAlphaDMG/Carved/Images/carve_0345.jpg
<nil>x<nil>	18246	Assets/Legacy/Recovered/DragonAlphaDMG/Carved/Images/carve_0351.jpg
<nil>x<nil>	80475	Assets/Legacy/Recovered/DragonAlphaDMG/Carved/Images/carve_0437.jpg
<nil>x<nil>	207518	Assets/Legacy/Recovered/DragonAlphaDMG/Carved/Images/carve_0379.jpg
<nil>x<nil>	87252	Assets/Legacy/Recovered/DragonAlphaDMG/Carved/Images/carve_0184.jpg
<nil>x<nil>	91119	Assets/Legacy/Recovered/DragonAlphaDMG/Carved/Images/carve_0190.jpg
<nil>x<nil>	73812	Assets/Legacy/Recovered/DragonAlphaDMG/Carved/Images/carve_0147.jpg
<nil>x<nil>	16259	Assets/Legacy/Recovered/DragonAlphaDMG/Carved/Images/carve_0153.jpg
64x64	4519	Assets/Legacy/Recovered/DragonAlphaDMG/Carved/Images/carve_0033.jpg
64x64	3978	Assets/Legacy/Recovered/DragonAlphaDMG/Carved/Images/carve_0027.jpg
4x9	945	Assets/Legacy/Recovered/DragonAlphaDMG/Carved/Images/carve_0027.png
640x16	1225	Assets/Legacy/Recovered/DragonAlphaDMG/Carved/Images/carve_0033.png
<nil>x<nil>	6538	Assets/Legacy/Recovered/DragonAlphaDMG/Carved/Images/carve_0231.jpg
<nil>x<nil>	3259	Assets/Legacy/Recovered/DragonAlphaDMG/Carved/Images/carve_0225.jpg
<nil>x<nil>	14821	Assets/Legacy/Recovered/DragonAlphaDMG/Carved/Images/carve_0219.jpg
<nil>x<nil>	6911	Assets/Legacy/Recovered/DragonAlphaDMG/Carved/Images/carve_0218.jpg
<nil>x<nil>	15243	Assets/Legacy/Recovered/DragonAlphaDMG/Carved/Images/carve_0224.jpg
<nil>x<nil>	4514	Assets/Legacy/Recovered/DragonAlphaDMG/Carved/Images/carve_0230.jpg
32x512	3803	Assets/Legacy/Recovered/DragonAlphaDMG/Carved/Images/carve_0032.png
328x80	3479	Assets/Legacy/Recovered/DragonAlphaDMG/Carved/Images/carve_0026.png
64x64	3343	Assets/Legacy/Recovered/DragonAlphaDMG/Carved/Images/carve_0026.jpg
64x64	4853	Assets/Legacy/Recovered/DragonAlphaDMG/Carved/Images/carve_0032.jpg
<nil>x<nil>	78872	Assets/Legacy/Recovered/DragonAlphaDMG/Carved/Images/carve_0152.jpg
<nil>x<nil>	10769	Assets/Legacy/Recovered/DragonAlphaDMG/Carved/Images/carve_0146.jpg
<nil>x<nil>	58925	Assets/Legacy/Recovered/DragonAlphaDMG/Carved/Images/carve_0191.jpg
<nil>x<nil>	20083	Assets/Legacy/Recovered/DragonAlphaDMG/Carved/Images/carve_0185.jpg
<nil>x<nil>	56807	Assets/Legacy/Recovered/DragonAlphaDMG/Carved/Images/carve_0378.jpg
<nil>x<nil>	37632	Assets/Legacy/Recovered/DragonAlphaDMG/Carved/Images/carve_0350.jpg
<nil>x<nil>	66124	Assets/Legacy/Recovered/DragonAlphaDMG/Carved/Images/carve_0436.jpg
<nil>x<nil>	58148	Assets/Legacy/Recovered/DragonAlphaDMG/Carved/Images/carve_0422.jpg
<nil>x<nil>	83958	Assets/Legacy/Recovered/DragonAlphaDMG/Carved/Images/carve_0344.jpg
<nil>x<nil>	254905	Assets/Legacy/Recovered/DragonAlphaDMG/Carved/Images/carve_0393.jpg
<nil>x<nil>	7887	Assets/Legacy/Recovered/DragonAlphaDMG/Carved/Images/carve_0387.jpg
<nil>x<nil>	313892	Assets/Legacy/Recovered/DragonAlphaDMG/Carved/Images/carve_0391.jpg
<nil>x<nil>	4458	Assets/Legacy/Recovered/DragonAlphaDMG/Carved/Images/carve_0385.jpg
<nil>x<nil>	146111	Assets/Legacy/Recovered/DragonAlphaDMG/Carved/Images/carve_0434.jpg
<nil>x<nil>	306744	Assets/Legacy/Recovered/DragonAlphaDMG/Carved/Images/carve_0352.jpg
<nil>x<nil>	5368	Assets/Legacy/Recovered/DragonAlphaDMG/Carved/Images/carve_0346.jpg
<nil>x<nil>	188958	Assets/Legacy/Recovered/DragonAlphaDMG/Carved/Images/carve_0420.jpg
<nil>x<nil>	81425	Assets/Legacy/Recovered/DragonAlphaDMG/Carved/Images/carve_0408.jpg
<nil>x<nil>	6574	Assets/Legacy/Recovered/DragonAlphaDMG/Carved/Images/carve_0193.jpg
<nil>x<nil>	13670	Assets/Legacy/Recovered/DragonAlphaDMG/Carved/Images/carve_0187.jpg
<nil>x<nil>	4211	Assets/Legacy/Recovered/DragonAlphaDMG/Carved/Images/carve_0150.jpg
<nil>x<nil>	12001	Assets/Legacy/Recovered/DragonAlphaDMG/Carved/Images/carve_0144.jpg
<nil>x<nil>	6529	Assets/Legacy/Recovered/DragonAlphaDMG/Carved/Images/carve_0178.jpg
64x64	2509	Assets/Legacy/Recovered/DragonAlphaDMG/Carved/Images/carve_0024.jpg
64x64	3275	Assets/Legacy/Recovered/DragonAlphaDMG/Carved/Images/carve_0030.jpg
64x64	2089	Assets/Legacy/Recovered/DragonAlphaDMG/Carved/Images/carve_0018.jpg
672x512	14192	Assets/Legacy/Recovered/DragonAlphaDMG/Carved/Images/carve_0030.png
328x80	3486	Assets/Legacy/Recovered/DragonAlphaDMG/Carved/Images/carve_0024.png
64x64	1473	Assets/Legacy/Recovered/DragonAlphaDMG/Carved/Images/carve_0018.png
<nil>x<nil>	80758	Assets/Legacy/Recovered/DragonAlphaDMG/Carved/Images/carve_0226.jpg
<nil>x<nil>	4400	Assets/Legacy/Recovered/DragonAlphaDMG/Carved/Images/carve_0232.jpg
<nil>x<nil>	7566	Assets/Legacy/Recovered/DragonAlphaDMG/Carved/Images/carve_0233.jpg
<nil>x<nil>	20245	Assets/Legacy/Recovered/DragonAlphaDMG/Carved/Images/carve_0227.jpg
192x24	683	Assets/Legacy/Recovered/DragonAlphaDMG/Carved/Images/carve_0019.png
328x80	3481	Assets/Legacy/Recovered/DragonAlphaDMG/Carved/Images/carve_0025.png
800x600	122534	Assets/Legacy/Recovered/DragonAlphaDMG/Carved/Images/carve_0031.png
64x64	5201	Assets/Legacy/Recovered/DragonAlphaDMG/Carved/Images/carve_0019.jpg
64x64	4133	Assets/Legacy/Recovered/DragonAlphaDMG/Carved/Images/carve_0031.jpg
64x64	2720	Assets/Legacy/Recovered/DragonAlphaDMG/Carved/Images/carve_0025.jpg
<nil>x<nil>	16654	Assets/Legacy/Recovered/DragonAlphaDMG/Carved/Images/carve_0179.jpg
<nil>x<nil>	6080	Assets/Legacy/Recovered/DragonAlphaDMG/Carved/Images/carve_0145.jpg
<nil>x<nil>	15388	Assets/Legacy/Recovered/DragonAlphaDMG/Carved/Images/carve_0151.jpg
<nil>x<nil>	71796	Assets/Legacy/Recovered/DragonAlphaDMG/Carved/Images/carve_0186.jpg
<nil>x<nil>	7150	Assets/Legacy/Recovered/DragonAlphaDMG/Carved/Images/carve_0192.jpg
<nil>x<nil>	2324	Assets/Legacy/Recovered/DragonAlphaDMG/Carved/Images/carve_0409.jpg
<nil>x<nil>	93998	Assets/Legacy/Recovered/DragonAlphaDMG/Carved/Images/carve_0347.jpg
<nil>x<nil>	2258	Assets/Legacy/Recovered/DragonAlphaDMG/Carved/Images/carve_0421.jpg
<nil>x<nil>	11250	Assets/Legacy/Recovered/DragonAlphaDMG/Carved/Images/carve_0435.jpg
<nil>x<nil>	433242	Assets/Legacy/Recovered/DragonAlphaDMG/Carved/Images/carve_0353.jpg
<nil>x<nil>	7373	Assets/Legacy/Recovered/DragonAlphaDMG/Carved/Images/carve_0384.jpg
<nil>x<nil>	101920	Assets/Legacy/Recovered/DragonAlphaDMG/Carved/Images/carve_0390.jpg
<nil>x<nil>	208517	Assets/Legacy/Recovered/DragonAlphaDMG/Carved/HFSPartition/Images/carve_0389.jpg
<nil>x<nil>	73181	Assets/Legacy/Recovered/DragonAlphaDMG/Carved/HFSPartition/Images/carve_0438.jpg
<nil>x<nil>	372789	Assets/Legacy/Recovered/DragonAlphaDMG/Carved/HFSPartition/Images/carve_0376.jpg
<nil>x<nil>	117386	Assets/Legacy/Recovered/DragonAlphaDMG/Carved/HFSPartition/Images/carve_0410.jpg
<nil>x<nil>	16251	Assets/Legacy/Recovered/DragonAlphaDMG/Carved/HFSPartition/Images/carve_0404.jpg
<nil>x<nil>	4440	Assets/Legacy/Recovered/DragonAlphaDMG/Carved/HFSPartition/Images/carve_0362.jpg
<nil>x<nil>	28882	Assets/Legacy/Recovered/DragonAlphaDMG/Carved/HFSPartition/Images/carve_0148.jpg
<nil>x<nil>	58103	Assets/Legacy/Recovered/DragonAlphaDMG/Carved/HFSPartition/Images/carve_0174.jpg
<nil>x<nil>	18394	Assets/Legacy/Recovered/DragonAlphaDMG/Carved/HFSPartition/Images/carve_0160.jpg
64x64	4116	Assets/Legacy/Recovered/DragonAlphaDMG/Carved/HFSPartition/Images/carve_0028.jpg
64x64	3108	Assets/Legacy/Recovered/DragonAlphaDMG/Carved/HFSPartition/Images/carve_0014.jpg
22x22	1227	Assets/Legacy/Recovered/DragonAlphaDMG/Carved/HFSPartition/Images/carve_0028.png
64x64	1961	Assets/Legacy/Recovered/DragonAlphaDMG/Carved/HFSPartition/Images/carve_0014.png
<nil>x<nil>	14679	Assets/Legacy/Recovered/DragonAlphaDMG/Carved/HFSPartition/Images/carve_0202.jpg
<nil>x<nil>	16249	Assets/Legacy/Recovered/DragonAlphaDMG/Carved/HFSPartition/Images/carve_0216.jpg
<nil>x<nil>	46067	Assets/Legacy/Recovered/DragonAlphaDMG/Carved/HFSPartition/Images/carve_0217.jpg
<nil>x<nil>	18564	Assets/Legacy/Recovered/DragonAlphaDMG/Carved/HFSPartition/Images/carve_0203.jpg
64x64	1959	Assets/Legacy/Recovered/DragonAlphaDMG/Carved/HFSPartition/Images/carve_0001.png
64x64	2325	Assets/Legacy/Recovered/DragonAlphaDMG/Carved/HFSPartition/Images/carve_0015.png
22x22	1337	Assets/Legacy/Recovered/DragonAlphaDMG/Carved/HFSPartition/Images/carve_0029.png
64x64	3600	Assets/Legacy/Recovered/DragonAlphaDMG/Carved/HFSPartition/Images/carve_0015.jpg
<nil>x<nil>	19209	Assets/Legacy/Recovered/DragonAlphaDMG/Carved/HFSPartition/Images/carve_0001.jpg
64x64	3988	Assets/Legacy/Recovered/DragonAlphaDMG/Carved/HFSPartition/Images/carve_0029.jpg
<nil>x<nil>	3584	Assets/Legacy/Recovered/DragonAlphaDMG/Carved/HFSPartition/Images/carve_0161.jpg
<nil>x<nil>	7340	Assets/Legacy/Recovered/DragonAlphaDMG/Carved/HFSPartition/Images/carve_0175.jpg
<nil>x<nil>	13464	Assets/Legacy/Recovered/DragonAlphaDMG/Carved/HFSPartition/Images/carve_0149.jpg
<nil>x<nil>	126371	Assets/Legacy/Recovered/DragonAlphaDMG/Carved/HFSPartition/Images/carve_0405.jpg
<nil>x<nil>	203555	Assets/Legacy/Recovered/DragonAlphaDMG/Carved/HFSPartition/Images/carve_0363.jpg
<nil>x<nil>	2368	Assets/Legacy/Recovered/DragonAlphaDMG/Carved/HFSPartition/Images/carve_0377.jpg
<nil>x<nil>	10016	Assets/Legacy/Recovered/DragonAlphaDMG/Carved/HFSPartition/Images/carve_0411.jpg
<nil>x<nil>	10351	Assets/Legacy/Recovered/DragonAlphaDMG/Carved/HFSPartition/Images/carve_0439.jpg
<nil>x<nil>	126968	Assets/Legacy/Recovered/DragonAlphaDMG/Carved/HFSPartition/Images/carve_0388.jpg
<nil>x<nil>	47358	Assets/Legacy/Recovered/DragonAlphaDMG/Carved/HFSPartition/Images/carve_0349.jpg
<nil>x<nil>	36370	Assets/Legacy/Recovered/DragonAlphaDMG/Carved/HFSPartition/Images/carve_0361.jpg
<nil>x<nil>	24900	Assets/Legacy/Recovered/DragonAlphaDMG/Carved/HFSPartition/Images/carve_0407.jpg
<nil>x<nil>	100344	Assets/Legacy/Recovered/DragonAlphaDMG/Carved/HFSPartition/Images/carve_0413.jpg
<nil>x<nil>	6253	Assets/Legacy/Recovered/DragonAlphaDMG/Carved/HFSPartition/Images/carve_0375.jpg
<nil>x<nil>	21495	Assets/Legacy/Recovered/DragonAlphaDMG/Carved/HFSPartition/Images/carve_0188.jpg
<nil>x<nil>	106143	Assets/Legacy/Recovered/DragonAlphaDMG/Carved/HFSPartition/Images/carve_0163.jpg
<nil>x<nil>	2752	Assets/Legacy/Recovered/DragonAlphaDMG/Carved/HFSPartition/Images/carve_0177.jpg
64x64	4342	Assets/Legacy/Recovered/DragonAlphaDMG/Carved/HFSPartition/Images/carve_0017.jpg
<nil>x<nil>	3750	Assets/Legacy/Recovered/DragonAlphaDMG/Carved/HFSPartition/Images/carve_0003.jpg
64x64	2335	Assets/Legacy/Recovered/DragonAlphaDMG/Carved/HFSPartition/Images/carve_0003.png
4x64	1172	Assets/Legacy/Recovered/DragonAlphaDMG/Carved/HFSPartition/Images/carve_0017.png
<nil>x<nil>	2126	Assets/Legacy/Recovered/DragonAlphaDMG/Carved/HFSPartition/Images/carve_0229.jpg
<nil>x<nil>	3786	Assets/Legacy/Recovered/DragonAlphaDMG/Carved/HFSPartition/Images/carve_0215.jpg
<nil>x<nil>	25191	Assets/Legacy/Recovered/DragonAlphaDMG/Carved/HFSPartition/Images/carve_0201.jpg
<nil>x<nil>	11144	Assets/Legacy/Recovered/DragonAlphaDMG/Carved/HFSPartition/Images/carve_0200.jpg
<nil>x<nil>	23254	Assets/Legacy/Recovered/DragonAlphaDMG/Carved/HFSPartition/Images/carve_0214.jpg
<nil>x<nil>	56515	Assets/Legacy/Recovered/DragonAlphaDMG/Carved/HFSPartition/Images/carve_0228.jpg
64x64	1957	Assets/Legacy/Recovered/DragonAlphaDMG/Carved/HFSPartition/Images/carve_0016.png
64x64	2343	Assets/Legacy/Recovered/DragonAlphaDMG/Carved/HFSPartition/Images/carve_0002.png
<nil>x<nil>	38918	Assets/Legacy/Recovered/DragonAlphaDMG/Carved/HFSPartition/Images/carve_0002.jpg
64x64	3283	Assets/Legacy/Recovered/DragonAlphaDMG/Carved/HFSPartition/Images/carve_0016.jpg
<nil>x<nil>	4203	Assets/Legacy/Recovered/DragonAlphaDMG/Carved/HFSPartition/Images/carve_0176.jpg
<nil>x<nil>	8913	Assets/Legacy/Recovered/DragonAlphaDMG/Carved/HFSPartition/Images/carve_0162.jpg
<nil>x<nil>	11813	Assets/Legacy/Recovered/DragonAlphaDMG/Carved/HFSPartition/Images/carve_0189.jpg
<nil>x<nil>	106665	Assets/Legacy/Recovered/DragonAlphaDMG/Carved/HFSPartition/Images/carve_0412.jpg
<nil>x<nil>	2739	Assets/Legacy/Recovered/DragonAlphaDMG/Carved/HFSPartition/Images/carve_0374.jpg
<nil>x<nil>	38794	Assets/Legacy/Recovered/DragonAlphaDMG/Carved/HFSPartition/Images/carve_0360.jpg
<nil>x<nil>	50469	Assets/Legacy/Recovered/DragonAlphaDMG/Carved/HFSPartition/Images/carve_0406.jpg
<nil>x<nil>	3228	Assets/Legacy/Recovered/DragonAlphaDMG/Carved/HFSPartition/Images/carve_0348.jpg
<nil>x<nil>	68147	Assets/Legacy/Recovered/DragonAlphaDMG/Carved/HFSPartition/Images/carve_0402.jpg
<nil>x<nil>	11118	Assets/Legacy/Recovered/DragonAlphaDMG/Carved/HFSPartition/Images/carve_0364.jpg
<nil>x<nil>	9828	Assets/Legacy/Recovered/DragonAlphaDMG/Carved/HFSPartition/Images/carve_0370.jpg
<nil>x<nil>	2568	Assets/Legacy/Recovered/DragonAlphaDMG/Carved/HFSPartition/Images/carve_0416.jpg
<nil>x<nil>	2084	Assets/Legacy/Recovered/DragonAlphaDMG/Carved/HFSPartition/Images/carve_0358.jpg
<nil>x<nil>	3236	Assets/Legacy/Recovered/DragonAlphaDMG/Carved/HFSPartition/Images/carve_0199.jpg
<nil>x<nil>	54360	Assets/Legacy/Recovered/DragonAlphaDMG/Carved/HFSPartition/Images/carve_0166.jpg
<nil>x<nil>	47999	Assets/Legacy/Recovered/DragonAlphaDMG/Carved/HFSPartition/Images/carve_0172.jpg
<nil>x<nil>	2513	Assets/Legacy/Recovered/DragonAlphaDMG/Carved/HFSPartition/Images/carve_0012.jpg
<nil>x<nil>	4289	Assets/Legacy/Recovered/DragonAlphaDMG/Carved/HFSPartition/Images/carve_0006.jpg
64x64	1949	Assets/Legacy/Recovered/DragonAlphaDMG/Carved/HFSPartition/Images/carve_0006.png
64x64	1966	Assets/Legacy/Recovered/DragonAlphaDMG/Carved/HFSPartition/Images/carve_0012.png
<nil>x<nil>	35323	Assets/Legacy/Recovered/DragonAlphaDMG/Carved/HFSPartition/Images/carve_0210.jpg
<nil>x<nil>	66634	Assets/Legacy/Recovered/DragonAlphaDMG/Carved/HFSPartition/Images/carve_0204.jpg
<nil>x<nil>	2302	Assets/Legacy/Recovered/DragonAlphaDMG/Carved/HFSPartition/Images/carve_0238.jpg
<nil>x<nil>	6790	Assets/Legacy/Recovered/DragonAlphaDMG/Carved/HFSPartition/Images/carve_0239.jpg
<nil>x<nil>	69460	Assets/Legacy/Recovered/DragonAlphaDMG/Carved/HFSPartition/Images/carve_0205.jpg
<nil>x<nil>	17560	Assets/Legacy/Recovered/DragonAlphaDMG/Carved/HFSPartition/Images/carve_0211.jpg
384x64	3938	Assets/Legacy/Recovered/DragonAlphaDMG/Carved/HFSPartition/Images/carve_0013.png
64x64	2294	Assets/Legacy/Recovered/DragonAlphaDMG/Carved/HFSPartition/Images/carve_0007.png
<nil>x<nil>	139446	Assets/Legacy/Recovered/DragonAlphaDMG/Carved/HFSPartition/Images/carve_0007.jpg
64x64	4177	Assets/Legacy/Recovered/DragonAlphaDMG/Carved/HFSPartition/Images/carve_0013.jpg
<nil>x<nil>	7725	Assets/Legacy/Recovered/DragonAlphaDMG/Carved/HFSPartition/Images/carve_0173.jpg
<nil>x<nil>	14117	Assets/Legacy/Recovered/DragonAlphaDMG/Carved/HFSPartition/Images/carve_0167.jpg
<nil>x<nil>	3448	Assets/Legacy/Recovered/DragonAlphaDMG/Carved/HFSPartition/Images/carve_0198.jpg
<nil>x<nil>	10736	Assets/Legacy/Recovered/DragonAlphaDMG/Carved/HFSPartition/Images/carve_0359.jpg
<nil>x<nil>	35605	Assets/Legacy/Recovered/DragonAlphaDMG/Carved/HFSPartition/Images/carve_0371.jpg
<nil>x<nil>	37103	Assets/Legacy/Recovered/DragonAlphaDMG/Carved/HFSPartition/Images/carve_0417.jpg
<nil>x<nil>	68032	Assets/Legacy/Recovered/DragonAlphaDMG/Carved/HFSPartition/Images/carve_0403.jpg
<nil>x<nil>	66493	Assets/Legacy/Recovered/DragonAlphaDMG/Carved/HFSPartition/Images/carve_0365.jpg
<nil>x<nil>	14447	Assets/Legacy/Recovered/DragonAlphaDMG/Carved/HFSPartition/Images/carve_0398.jpg
<nil>x<nil>	69685	Assets/Legacy/Recovered/DragonAlphaDMG/Carved/HFSPartition/Images/carve_0415.jpg
<nil>x<nil>	35687	Assets/Legacy/Recovered/DragonAlphaDMG/Carved/HFSPartition/Images/carve_0373.jpg
<nil>x<nil>	103727	Assets/Legacy/Recovered/DragonAlphaDMG/Carved/HFSPartition/Images/carve_0367.jpg
<nil>x<nil>	89853	Assets/Legacy/Recovered/DragonAlphaDMG/Carved/HFSPartition/Images/carve_0401.jpg
<nil>x<nil>	62074	Assets/Legacy/Recovered/DragonAlphaDMG/Carved/HFSPartition/Images/carve_0429.jpg
<nil>x<nil>	7042	Assets/Legacy/Recovered/DragonAlphaDMG/Carved/HFSPartition/Images/carve_0171.jpg
<nil>x<nil>	44993	Assets/Legacy/Recovered/DragonAlphaDMG/Carved/HFSPartition/Images/carve_0165.jpg
<nil>x<nil>	180025	Assets/Legacy/Recovered/DragonAlphaDMG/Carved/HFSPartition/Images/carve_0159.jpg
<nil>x<nil>	321536	Assets/Legacy/Recovered/DragonAlphaDMG/Carved/HFSPartition/Images/carve_0005.jpg
<nil>x<nil>	180974	Assets/Legacy/Recovered/DragonAlphaDMG/Carved/HFSPartition/Images/carve_0011.jpg
<nil>x<nil>	2143	Assets/Legacy/Recovered/DragonAlphaDMG/Carved/HFSPartition/Images/carve_0039.jpg
4x64	1172	Assets/Legacy/Recovered/DragonAlphaDMG/Carved/HFSPartition/Images/carve_0011.png
64x64	2218	Assets/Legacy/Recovered/DragonAlphaDMG/Carved/HFSPartition/Images/carve_0005.png
<nil>x<nil>	3988	Assets/Legacy/Recovered/DragonAlphaDMG/Carved/HFSPartition/Images/carve_0207.jpg
<nil>x<nil>	17760	Assets/Legacy/Recovered/DragonAlphaDMG/Carved/HFSPartition/Images/carve_0213.jpg
<nil>x<nil>	5041	Assets/Legacy/Recovered/DragonAlphaDMG/Carved/HFSPartition/Images/carve_0212.jpg
<nil>x<nil>	3582	Assets/Legacy/Recovered/DragonAlphaDMG/Carved/HFSPartition/Images/carve_0206.jpg
64x64	1900	Assets/Legacy/Recovered/DragonAlphaDMG/Carved/HFSPartition/Images/carve_0004.png
800x600	13507	Assets/Legacy/Recovered/DragonAlphaDMG/Carved/HFSPartition/Images/carve_0010.png
64x64	3564	Assets/Legacy/Recovered/DragonAlphaDMG/Carved/HFSPartition/Images/carve_0038.jpg
<nil>x<nil>	4289	Assets/Legacy/Recovered/DragonAlphaDMG/Carved/HFSPartition/Images/carve_0010.jpg
<nil>x<nil>	24359	Assets/Legacy/Recovered/DragonAlphaDMG/Carved/HFSPartition/Images/carve_0004.jpg
<nil>x<nil>	62391	Assets/Legacy/Recovered/DragonAlphaDMG/Carved/HFSPartition/Images/carve_0158.jpg
<nil>x<nil>	4134	Assets/Legacy/Recovered/DragonAlphaDMG/Carved/HFSPartition/Images/carve_0164.jpg
<nil>x<nil>	8240	Assets/Legacy/Recovered/DragonAlphaDMG/Carved/HFSPartition/Images/carve_0170.jpg
<nil>x<nil>	2363	Assets/Legacy/Recovered/DragonAlphaDMG/Carved/HFSPartition/Images/carve_0428.jpg
<nil>x<nil>	15267	Assets/Legacy/Recovered/DragonAlphaDMG/Carved/HFSPartition/Images/carve_0366.jpg
<nil>x<nil>	87880	Assets/Legacy/Recovered/DragonAlphaDMG/Carved/HFSPartition/Images/carve_0400.jpg
<nil>x<nil>	82387	Assets/Legacy/Recovered/DragonAlphaDMG/Carved/HFSPartition/Images/carve_0414.jpg
<nil>x<nil>	11906	Assets/Legacy/Recovered/DragonAlphaDMG/Carved/HFSPartition/Images/carve_0372.jpg
<nil>x<nil>	38123	Assets/Legacy/Recovered/DragonAlphaDMG/Carved/HFSPartition/Images/carve_0399.jpg
430x434	2423	Assets/Legacy/Recovered/DragonAlphaDMG/Carved/HFSPartition/Images/carve_0498.jpg
<nil>x<nil>	30710	Assets/Legacy/Recovered/DragonAlphaDMG/Carved/HFSPartition/Images/carve_0329.jpg
<nil>x<nil>	338217	Assets/Legacy/Recovered/DragonAlphaDMG/Carved/HFSPartition/Images/carve_0473.jpg
<nil>x<nil>	12742	Assets/Legacy/Recovered/DragonAlphaDMG/Carved/HFSPartition/Images/carve_0315.jpg
<nil>x<nil>	474201	Assets/Legacy/Recovered/DragonAlphaDMG/Carved/HFSPartition/Images/carve_0301.jpg
<nil>x<nil>	15931	Assets/Legacy/Recovered/DragonAlphaDMG/Carved/HFSPartition/Images/carve_0467.jpg
64x64	6450	Assets/Legacy/Recovered/DragonAlphaDMG/Carved/HFSPartition/Images/carve_0117.jpg
<nil>x<nil>	15996	Assets/Legacy/Recovered/DragonAlphaDMG/Carved/HFSPartition/Images/carve_0103.jpg
64x64	4283	Assets/Legacy/Recovered/DragonAlphaDMG/Carved/HFSPartition/Images/carve_0088.jpg
<nil>x<nil>	2742	Assets/Legacy/Recovered/DragonAlphaDMG/Carved/HFSPartition/Images/carve_0063.jpg
64x64	2717	Assets/Legacy/Recovered/DragonAlphaDMG/Carved/HFSPartition/Images/carve_0077.jpg
<nil>x<nil>	6590	Assets/Legacy/Recovered/DragonAlphaDMG/Carved/HFSPartition/Images/carve_0249.jpg
<nil>x<nil>	69695	Assets/Legacy/Recovered/DragonAlphaDMG/Carved/HFSPartition/Images/carve_0261.jpg
<nil>x<nil>	24406	Assets/Legacy/Recovered/DragonAlphaDMG/Carved/HFSPartition/Images/carve_0275.jpg
<nil>x<nil>	866420	Assets/Legacy/Recovered/DragonAlphaDMG/Carved/HFSPartition/Images/carve_0274.jpg
<nil>x<nil>	13767	Assets/Legacy/Recovered/DragonAlphaDMG/Carved/HFSPartition/Images/carve_0260.jpg
<nil>x<nil>	2934	Assets/Legacy/Recovered/DragonAlphaDMG/Carved/HFSPartition/Images/carve_0248.jpg
64x64	4173	Assets/Legacy/Recovered/DragonAlphaDMG/Carved/HFSPartition/Images/carve_0076.jpg
64x64	5119	Assets/Legacy/Recovered/DragonAlphaDMG/Carved/HFSPartition/Images/carve_0062.jpg
64x64	4799	Assets/Legacy/Recovered/DragonAlphaDMG/Carved/HFSPartition/Images/carve_0089.jpg
64x64	4946	Assets/Legacy/Recovered/DragonAlphaDMG/Carved/HFSPartition/Images/carve_0102.jpg
64x64	5769	Assets/Legacy/Recovered/DragonAlphaDMG/Carved/HFSPartition/Images/carve_0116.jpg
<nil>x<nil>	26884	Assets/Legacy/Recovered/DragonAlphaDMG/Carved/HFSPartition/Images/carve_0300.jpg
<nil>x<nil>	292796	Assets/Legacy/Recovered/DragonAlphaDMG/Carved/HFSPartition/Images/carve_0466.jpg
<nil>x<nil>	216454	Assets/Legacy/Recovered/DragonAlphaDMG/Carved/HFSPartition/Images/carve_0472.jpg
<nil>x<nil>	48133	Assets/Legacy/Recovered/DragonAlphaDMG/Carved/HFSPartition/Images/carve_0314.jpg
<nil>x<nil>	17502	Assets/Legacy/Recovered/DragonAlphaDMG/Carved/HFSPartition/Images/carve_0328.jpg
<nil>x<nil>	10171	Assets/Legacy/Recovered/DragonAlphaDMG/Carved/HFSPartition/Images/carve_0458.jpg
<nil>x<nil>	5008	Assets/Legacy/Recovered/DragonAlphaDMG/Carved/HFSPartition/Images/carve_0464.jpg
<nil>x<nil>	382844	Assets/Legacy/Recovered/DragonAlphaDMG/Carved/HFSPartition/Images/carve_0302.jpg
<nil>x<nil>	17026	Assets/Legacy/Recovered/DragonAlphaDMG/Carved/HFSPartition/Images/carve_0316.jpg
<nil>x<nil>	54794	Assets/Legacy/Recovered/DragonAlphaDMG/Carved/HFSPartition/Images/carve_0470.jpg
64x64	4258	Assets/Legacy/Recovered/DragonAlphaDMG/Carved/HFSPartition/Images/carve_0128.jpg
64x64	4717	Assets/Legacy/Recovered/DragonAlphaDMG/Carved/HFSPartition/Images/carve_0100.jpg
64x64	5250	Assets/Legacy/Recovered/DragonAlphaDMG/Carved/HFSPartition/Images/carve_0114.jpg
64x64	4202	Assets/Legacy/Recovered/DragonAlphaDMG/Carved/HFSPartition/Images/carve_0048.jpg
64x64	2411	Assets/Legacy/Recovered/DragonAlphaDMG/Carved/HFSPartition/Images/carve_0074.jpg
<nil>x<nil>	2396	Assets/Legacy/Recovered/DragonAlphaDMG/Carved/HFSPartition/Images/carve_0060.jpg
<nil>x<nil>	1176020	Assets/Legacy/Recovered/DragonAlphaDMG/Carved/HFSPartition/Images/carve_0289.jpg
<nil>x<nil>	11644	Assets/Legacy/Recovered/DragonAlphaDMG/Carved/HFSPartition/Images/carve_0276.jpg
<nil>x<nil>	2075	Assets/Legacy/Recovered/DragonAlphaDMG/Carved/HFSPartition/Images/carve_0262.jpg
<nil>x<nil>	66475	Assets/Legacy/Recovered/DragonAlphaDMG/Carved/HFSPartition/Images/carve_0263.jpg
<nil>x<nil>	5510	Assets/Legacy/Recovered/DragonAlphaDMG/Carved/HFSPartition/Images/carve_0277.jpg
<nil>x<nil>	17095	Assets/Legacy/Recovered/DragonAlphaDMG/Carved/HFSPartition/Images/carve_0288.jpg
<nil>x<nil>	2441	Assets/Legacy/Recovered/DragonAlphaDMG/Carved/HFSPartition/Images/carve_0061.jpg
64x64	4345	Assets/Legacy/Recovered/DragonAlphaDMG/Carved/HFSPartition/Images/carve_0075.jpg
<nil>x<nil>	2127	Assets/Legacy/Recovered/DragonAlphaDMG/Carved/HFSPartition/Images/carve_0049.jpg
64x64	4901	Assets/Legacy/Recovered/DragonAlphaDMG/Carved/HFSPartition/Images/carve_0115.jpg
64x64	5266	Assets/Legacy/Recovered/DragonAlphaDMG/Carved/HFSPartition/Images/carve_0101.jpg
64x64	3924	Assets/Legacy/Recovered/DragonAlphaDMG/Carved/HFSPartition/Images/carve_0129.jpg
<nil>x<nil>	42307	Assets/Legacy/Recovered/DragonAlphaDMG/Carved/HFSPartition/Images/carve_0317.jpg
<nil>x<nil>	4506	Assets/Legacy/Recovered/DragonAlphaDMG/Carved/HFSPartition/Images/carve_0471.jpg
<nil>x<nil>	334654	Assets/Legacy/Recovered/DragonAlphaDMG/Carved/HFSPartition/Images/carve_0465.jpg
<nil>x<nil>	5707	Assets/Legacy/Recovered/DragonAlphaDMG/Carved/HFSPartition/Images/carve_0303.jpg
<nil>x<nil>	9075	Assets/Legacy/Recovered/DragonAlphaDMG/Carved/HFSPartition/Images/carve_0459.jpg
<nil>x<nil>	1507450	Assets/Legacy/Recovered/DragonAlphaDMG/Carved/HFSPartition/Images/carve_0307.jpg
<nil>x<nil>	3876	Assets/Legacy/Recovered/DragonAlphaDMG/Carved/HFSPartition/Images/carve_0461.jpg
<nil>x<nil>	450869	Assets/Legacy/Recovered/DragonAlphaDMG/Carved/HFSPartition/Images/carve_0475.jpg
<nil>x<nil>	51887	Assets/Legacy/Recovered/DragonAlphaDMG/Carved/HFSPartition/Images/carve_0313.jpg
<nil>x<nil>	20073	Assets/Legacy/Recovered/DragonAlphaDMG/Carved/HFSPartition/Images/carve_0449.jpg
64x64	5160	Assets/Legacy/Recovered/DragonAlphaDMG/Carved/HFSPartition/Images/carve_0105.jpg
128x128	13214	Assets/Legacy/Recovered/DragonAlphaDMG/Carved/HFSPartition/Images/carve_0111.jpg
<nil>x<nil>	12388	Assets/Legacy/Recovered/DragonAlphaDMG/Carved/HFSPartition/Images/carve_0139.jpg
64x64	3006	Assets/Legacy/Recovered/DragonAlphaDMG/Carved/HFSPartition/Images/carve_0071.jpg
64x64	2426	Assets/Legacy/Recovered/DragonAlphaDMG/Carved/HFSPartition/Images/carve_0065.jpg
<nil>x<nil>	2263	Assets/Legacy/Recovered/DragonAlphaDMG/Carved/HFSPartition/Images/carve_0059.jpg
<nil>x<nil>	3017	Assets/Legacy/Recovered/DragonAlphaDMG/Carved/HFSPartition/Images/carve_0298.jpg
<nil>x<nil>	3944	Assets/Legacy/Recovered/DragonAlphaDMG/Carved/HFSPartition/Images/carve_0273.jpg
<nil>x<nil>	2790	Assets/Legacy/Recovered/DragonAlphaDMG/Carved/HFSPartition/Images/carve_0267.jpg
<nil>x<nil>	9824	Assets/Legacy/Recovered/DragonAlphaDMG/Carved/HFSPartition/Images/carve_0266.jpg
<nil>x<nil>	1062068	Assets/Legacy/Recovered/DragonAlphaDMG/Carved/HFSPartition/Images/carve_0272.jpg
<nil>x<nil>	2161	Assets/Legacy/Recovered/DragonAlphaDMG/Carved/HFSPartition/Images/carve_0299.jpg
64x64	2363	Assets/Legacy/Recovered/DragonAlphaDMG/Carved/HFSPartition/Images/carve_0058.jpg
64x64	4177	Assets/Legacy/Recovered/DragonAlphaDMG/Carved/HFSPartition/Images/carve_0064.jpg
64x64	3425	Assets/Legacy/Recovered/DragonAlphaDMG/Carved/HFSPartition/Images/carve_0070.jpg
<nil>x<nil>	10816	Assets/Legacy/Recovered/DragonAlphaDMG/Carved/HFSPartition/Images/carve_0138.jpg
64x64	6297	Assets/Legacy/Recovered/DragonAlphaDMG/Carved/HFSPartition/Images/carve_0110.jpg
64x64	5974	Assets/Legacy/Recovered/DragonAlphaDMG/Carved/HFSPartition/Images/carve_0104.jpg
<nil>x<nil>	6052	Assets/Legacy/Recovered/DragonAlphaDMG/Carved/HFSPartition/Images/carve_0448.jpg
<nil>x<nil>	208949	Assets/Legacy/Recovered/DragonAlphaDMG/Carved/HFSPartition/Images/carve_0474.jpg
<nil>x<nil>	15995	Assets/Legacy/Recovered/DragonAlphaDMG/Carved/HFSPartition/Images/carve_0312.jpg
<nil>x<nil>	7517	Assets/Legacy/Recovered/DragonAlphaDMG/Carved/HFSPartition/Images/carve_0306.jpg
<nil>x<nil>	12428	Assets/Legacy/Recovered/DragonAlphaDMG/Carved/HFSPartition/Images/carve_0460.jpg
<nil>x<nil>	99677	Assets/Legacy/Recovered/DragonAlphaDMG/Carved/HFSPartition/Images/carve_0489.jpg
<nil>x<nil>	15996	Assets/Legacy/Recovered/DragonAlphaDMG/Carved/HFSPartition/Images/carve_0310.jpg
<nil>x<nil>	15477	Assets/Legacy/Recovered/DragonAlphaDMG/Carved/HFSPartition/Images/carve_0476.jpg
<nil>x<nil>	25930	Assets/Legacy/Recovered/DragonAlphaDMG/Carved/HFSPartition/Images/carve_0462.jpg
<nil>x<nil>	8529	Assets/Legacy/Recovered/DragonAlphaDMG/Carved/HFSPartition/Images/carve_0304.jpg
<nil>x<nil>	15311	Assets/Legacy/Recovered/DragonAlphaDMG/Carved/HFSPartition/Images/carve_0338.jpg
128x128	9411	Assets/Legacy/Recovered/DragonAlphaDMG/Carved/HFSPartition/Images/carve_0112.jpg
64x64	3942	Assets/Legacy/Recovered/DragonAlphaDMG/Carved/HFSPartition/Images/carve_0106.jpg
128x128	20642	Assets/Legacy/Recovered/DragonAlphaDMG/Carved/HFSPartition/Images/carve_0099.jpg
64x64	2605	Assets/Legacy/Recovered/DragonAlphaDMG/Carved/HFSPartition/Images/carve_0066.jpg
64x64	2452	Assets/Legacy/Recovered/DragonAlphaDMG/Carved/HFSPartition/Images/carve_0072.jpg
<nil>x<nil>	15902	Assets/Legacy/Recovered/DragonAlphaDMG/Carved/HFSPartition/Images/carve_0264.jpg
<nil>x<nil>	5824	Assets/Legacy/Recovered/DragonAlphaDMG/Carved/HFSPartition/Images/carve_0270.jpg
<nil>x<nil>	15369	Assets/Legacy/Recovered/DragonAlphaDMG/Carved/HFSPartition/Images/carve_0258.jpg
<nil>x<nil>	26435	Assets/Legacy/Recovered/DragonAlphaDMG/Carved/HFSPartition/Images/carve_0259.jpg
<nil>x<nil>	338735	Assets/Legacy/Recovered/DragonAlphaDMG/Carved/HFSPartition/Images/carve_0271.jpg
<nil>x<nil>	7185	Assets/Legacy/Recovered/DragonAlphaDMG/Carved/HFSPartition/Images/carve_0265.jpg
64x64	4773	Assets/Legacy/Recovered/DragonAlphaDMG/Carved/HFSPartition/Images/carve_0073.jpg
64x64	3777	Assets/Legacy/Recovered/DragonAlphaDMG/Carved/HFSPartition/Images/carve_0067.jpg
64x64	5362	Assets/Legacy/Recovered/DragonAlphaDMG/Carved/HFSPartition/Images/carve_0098.jpg
64x64	4413	Assets/Legacy/Recovered/DragonAlphaDMG/Carved/HFSPartition/Images/carve_0107.jpg
64x64	4722	Assets/Legacy/Recovered/DragonAlphaDMG/Carved/HFSPartition/Images/carve_0113.jpg
<nil>x<nil>	51222	Assets/Legacy/Recovered/DragonAlphaDMG/Carved/HFSPartition/Images/carve_0339.jpg
<nil>x<nil>	5312	Assets/Legacy/Recovered/DragonAlphaDMG/Carved/HFSPartition/Images/carve_0463.jpg
<nil>x<nil>	19743	Assets/Legacy/Recovered/DragonAlphaDMG/Carved/HFSPartition/Images/carve_0305.jpg
<nil>x<nil>	339123	Assets/Legacy/Recovered/DragonAlphaDMG/Carved/HFSPartition/Images/carve_0311.jpg
<nil>x<nil>	28793	Assets/Legacy/Recovered/DragonAlphaDMG/Carved/HFSPartition/Images/carve_0477.jpg
<nil>x<nil>	5035	Assets/Legacy/Recovered/DragonAlphaDMG/Carved/HFSPartition/Images/carve_0488.jpg
<nil>x<nil>	167605	Assets/Legacy/Recovered/DragonAlphaDMG/Carved/HFSPartition/Images/carve_0491.jpg
<nil>x<nil>	201245	Assets/Legacy/Recovered/DragonAlphaDMG/Carved/HFSPartition/Images/carve_0485.jpg
<nil>x<nil>	9392	Assets/Legacy/Recovered/DragonAlphaDMG/Carved/HFSPartition/Images/carve_0308.jpg
<nil>x<nil>	643709	Assets/Legacy/Recovered/DragonAlphaDMG/Carved/HFSPartition/Images/carve_0452.jpg
<nil>x<nil>	5389	Assets/Legacy/Recovered/DragonAlphaDMG/Carved/HFSPartition/Images/carve_0334.jpg
<nil>x<nil>	130162	Assets/Legacy/Recovered/DragonAlphaDMG/Carved/HFSPartition/Images/carve_0320.jpg
<nil>x<nil>	127148	Assets/Legacy/Recovered/DragonAlphaDMG/Carved/HFSPartition/Images/carve_0446.jpg
<nil>x<nil>	14840	Assets/Legacy/Recovered/DragonAlphaDMG/Carved/HFSPartition/Images/carve_0136.jpg
64x64	4926	Assets/Legacy/Recovered/DragonAlphaDMG/Carved/HFSPartition/Images/carve_0122.jpg
64x64	5583	Assets/Legacy/Recovered/DragonAlphaDMG/Carved/HFSPartition/Images/carve_0081.jpg
82x112	7597	Assets/Legacy/Recovered/DragonAlphaDMG/Carved/HFSPartition/Images/carve_0095.jpg
64x64	2849	Assets/Legacy/Recovered/DragonAlphaDMG/Carved/HFSPartition/Images/carve_0042.jpg
64x64	3046	Assets/Legacy/Recovered/DragonAlphaDMG/Carved/HFSPartition/Images/carve_0056.jpg
<nil>x<nil>	8679	Assets/Legacy/Recovered/DragonAlphaDMG/Carved/HFSPartition/Images/carve_0283.jpg
<nil>x<nil>	11279	Assets/Legacy/Recovered/DragonAlphaDMG/Carved/HFSPartition/Images/carve_0297.jpg
<nil>x<nil>	12388	Assets/Legacy/Recovered/DragonAlphaDMG/Carved/HFSPartition/Images/carve_0268.jpg
<nil>x<nil>	7212	Assets/Legacy/Recovered/DragonAlphaDMG/Carved/HFSPartition/Images/carve_0240.jpg
<nil>x<nil>	17727	Assets/Legacy/Recovered/DragonAlphaDMG/Carved/HFSPartition/Images/carve_0254.jpg
<nil>x<nil>	23758	Assets/Legacy/Recovered/DragonAlphaDMG/Carved/HFSPartition/Images/carve_0255.jpg
<nil>x<nil>	41499	Assets/Legacy/Recovered/DragonAlphaDMG/Carved/HFSPartition/Images/carve_0241.jpg
<nil>x<nil>	11106	Assets/Legacy/Recovered/DragonAlphaDMG/Carved/HFSPartition/Images/carve_0269.jpg
<nil>x<nil>	105264	Assets/Legacy/Recovered/DragonAlphaDMG/Carved/HFSPartition/Images/carve_0296.jpg
<nil>x<nil>	13926	Assets/Legacy/Recovered/DragonAlphaDMG/Carved/HFSPartition/Images/carve_0282.jpg
64x64	2429	Assets/Legacy/Recovered/DragonAlphaDMG/Carved/HFSPartition/Images/carve_0057.jpg
<nil>x<nil>	2734	Assets/Legacy/Recovered/DragonAlphaDMG/Carved/HFSPartition/Images/carve_0043.jpg
<nil>x<nil>	5562	Assets/Legacy/Recovered/DragonAlphaDMG/Carved/HFSPartition/Images/carve_0094.jpg
64x64	2820	Assets/Legacy/Recovered/DragonAlphaDMG/Carved/HFSPartition/Images/carve_0080.jpg
64x64	5268	Assets/Legacy/Recovered/DragonAlphaDMG/Carved/HFSPartition/Images/carve_0123.jpg
<nil>x<nil>	2637	Assets/Legacy/Recovered/DragonAlphaDMG/Carved/HFSPartition/Images/carve_0137.jpg
<nil>x<nil>	827108	Assets/Legacy/Recovered/DragonAlphaDMG/Carved/HFSPartition/Images/carve_0321.jpg
<nil>x<nil>	30331	Assets/Legacy/Recovered/DragonAlphaDMG/Carved/HFSPartition/Images/carve_0447.jpg
<nil>x<nil>	2650	Assets/Legacy/Recovered/DragonAlphaDMG/Carved/HFSPartition/Images/carve_0453.jpg
<nil>x<nil>	97917	Assets/Legacy/Recovered/DragonAlphaDMG/Carved/HFSPartition/Images/carve_0335.jpg
<nil>x<nil>	7748	Assets/Legacy/Recovered/DragonAlphaDMG/Carved/HFSPartition/Images/carve_0309.jpg
<nil>x<nil>	115243	Assets/Legacy/Recovered/DragonAlphaDMG/Carved/HFSPartition/Images/carve_0484.jpg
<nil>x<nil>	106750	Assets/Legacy/Recovered/DragonAlphaDMG/Carved/HFSPartition/Images/carve_0490.jpg
<nil>x<nil>	117077	Assets/Legacy/Recovered/DragonAlphaDMG/Carved/HFSPartition/Images/carve_0486.jpg
<nil>x<nil>	44037	Assets/Legacy/Recovered/DragonAlphaDMG/Carved/HFSPartition/Images/carve_0492.jpg
<nil>x<nil>	4858	Assets/Legacy/Recovered/DragonAlphaDMG/Carved/HFSPartition/Images/carve_0479.jpg
<nil>x<nil>	65940	Assets/Legacy/Recovered/DragonAlphaDMG/Carved/HFSPartition/Images/carve_0445.jpg
<nil>x<nil>	102232	Assets/Legacy/Recovered/DragonAlphaDMG/Carved/HFSPartition/Images/carve_0323.jpg
<nil>x<nil>	182246	Assets/Legacy/Recovered/DragonAlphaDMG/Carved/HFSPartition/Images/carve_0337.jpg
<nil>x<nil>	4458	Assets/Legacy/Recovered/DragonAlphaDMG/Carved/HFSPartition/Images/carve_0451.jpg
64x64	5118	Assets/Legacy/Recovered/DragonAlphaDMG/Carved/HFSPartition/Images/carve_0109.jpg
128x128	17673	Assets/Legacy/Recovered/DragonAlphaDMG/Carved/HFSPartition/Images/carve_0121.jpg
<nil>x<nil>	77109	Assets/Legacy/Recovered/DragonAlphaDMG/Carved/HFSPartition/Images/carve_0135.jpg
<nil>x<nil>	5493	Assets/Legacy/Recovered/DragonAlphaDMG/Carved/HFSPartition/Images/carve_0096.jpg
64x64	4197	Assets/Legacy/Recovered/DragonAlphaDMG/Carved/HFSPartition/Images/carve_0082.jpg
64x64	3933	Assets/Legacy/Recovered/DragonAlphaDMG/Carved/HFSPartition/Images/carve_0069.jpg
64x64	3019	Assets/Legacy/Recovered/DragonAlphaDMG/Carved/HFSPartition/Images/carve_0055.jpg
64x64	3835	Assets/Legacy/Recovered/DragonAlphaDMG/Carved/HFSPartition/Images/carve_0041.jpg
<nil>x<nil>	12504	Assets/Legacy/Recovered/DragonAlphaDMG/Carved/HFSPartition/Images/carve_0294.jpg
<nil>x<nil>	11978	Assets/Legacy/Recovered/DragonAlphaDMG/Carved/HFSPartition/Images/carve_0280.jpg
<nil>x<nil>	3736	Assets/Legacy/Recovered/DragonAlphaDMG/Carved/HFSPartition/Images/carve_0257.jpg
<nil>x<nil>	8964	Assets/Legacy/Recovered/DragonAlphaDMG/Carved/HFSPartition/Images/carve_0243.jpg
<nil>x<nil>	7607	Assets/Legacy/Recovered/DragonAlphaDMG/Carved/HFSPartition/Images/carve_0242.jpg
<nil>x<nil>	20154	Assets/Legacy/Recovered/DragonAlphaDMG/Carved/HFSPartition/Images/carve_0256.jpg
<nil>x<nil>	10439	Assets/Legacy/Recovered/DragonAlphaDMG/Carved/HFSPartition/Images/carve_0281.jpg
<nil>x<nil>	14790	Assets/Legacy/Recovered/DragonAlphaDMG/Carved/HFSPartition/Images/carve_0295.jpg
64x64	4975	Assets/Legacy/Recovered/DragonAlphaDMG/Carved/HFSPartition/Images/carve_0040.jpg
64x64	4003	Assets/Legacy/Recovered/DragonAlphaDMG/Carved/HFSPartition/Images/carve_0054.jpg
64x64	4655	Assets/Legacy/Recovered/DragonAlphaDMG/Carved/HFSPartition/Images/carve_0068.jpg
64x64	3751	Assets/Legacy/Recovered/DragonAlphaDMG/Carved/HFSPartition/Images/carve_0083.jpg
128x128	13453	Assets/Legacy/Recovered/DragonAlphaDMG/Carved/HFSPartition/Images/carve_0097.jpg
<nil>x<nil>	29498	Assets/Legacy/Recovered/DragonAlphaDMG/Carved/HFSPartition/Images/carve_0134.jpg
64x64	5327	Assets/Legacy/Recovered/DragonAlphaDMG/Carved/HFSPartition/Images/carve_0120.jpg
64x64	4220	Assets/Legacy/Recovered/DragonAlphaDMG/Carved/HFSPartition/Images/carve_0108.jpg
<nil>x<nil>	145208	Assets/Legacy/Recovered/DragonAlphaDMG/Carved/HFSPartition/Images/carve_0336.jpg
<nil>x<nil>	7373	Assets/Legacy/Recovered/DragonAlphaDMG/Carved/HFSPartition/Images/carve_0450.jpg
<nil>x<nil>	10307	Assets/Legacy/Recovered/DragonAlphaDMG/Carved/HFSPartition/Images/carve_0444.jpg
<nil>x<nil>	13025	Assets/Legacy/Recovered/DragonAlphaDMG/Carved/HFSPartition/Images/carve_0322.jpg
<nil>x<nil>	2748	Assets/Legacy/Recovered/DragonAlphaDMG/Carved/HFSPartition/Images/carve_0478.jpg
<nil>x<nil>	113800	Assets/Legacy/Recovered/DragonAlphaDMG/Carved/HFSPartition/Images/carve_0493.jpg
<nil>x<nil>	115445	Assets/Legacy/Recovered/DragonAlphaDMG/Carved/HFSPartition/Images/carve_0487.jpg
<nil>x<nil>	127945	Assets/Legacy/Recovered/DragonAlphaDMG/Carved/HFSPartition/Images/carve_0483.jpg
<nil>x<nil>	116558	Assets/Legacy/Recovered/DragonAlphaDMG/Carved/HFSPartition/Images/carve_0497.jpg
<nil>x<nil>	159960	Assets/Legacy/Recovered/DragonAlphaDMG/Carved/HFSPartition/Images/carve_0326.jpg
<nil>x<nil>	65271	Assets/Legacy/Recovered/DragonAlphaDMG/Carved/HFSPartition/Images/carve_0440.jpg
<nil>x<nil>	2731	Assets/Legacy/Recovered/DragonAlphaDMG/Carved/HFSPartition/Images/carve_0454.jpg
<nil>x<nil>	37754	Assets/Legacy/Recovered/DragonAlphaDMG/Carved/HFSPartition/Images/carve_0332.jpg
<nil>x<nil>	156722	Assets/Legacy/Recovered/DragonAlphaDMG/Carved/HFSPartition/Images/carve_0468.jpg
64x64	5063	Assets/Legacy/Recovered/DragonAlphaDMG/Carved/HFSPartition/Images/carve_0124.jpg
64x64	4618	Assets/Legacy/Recovered/DragonAlphaDMG/Carved/HFSPartition/Images/carve_0130.jpg
64x64	6881	Assets/Legacy/Recovered/DragonAlphaDMG/Carved/HFSPartition/Images/carve_0118.jpg
112x112	7515	Assets/Legacy/Recovered/DragonAlphaDMG/Carved/HFSPartition/Images/carve_0093.jpg
64x64	6416	Assets/Legacy/Recovered/DragonAlphaDMG/Carved/HFSPartition/Images/carve_0087.jpg
<nil>x<nil>	2264	Assets/Legacy/Recovered/DragonAlphaDMG/Carved/HFSPartition/Images/carve_0050.jpg
64x64	4052	Assets/Legacy/Recovered/DragonAlphaDMG/Carved/HFSPartition/Images/carve_0044.jpg
64x64	2428	Assets/Legacy/Recovered/DragonAlphaDMG/Carved/HFSPartition/Images/carve_0078.jpg
<nil>x<nil>	995708	Assets/Legacy/Recovered/DragonAlphaDMG/Carved/HFSPartition/Images/carve_0291.jpg
<nil>x<nil>	6856	Assets/Legacy/Recovered/DragonAlphaDMG/Carved/HFSPartition/Images/carve_0285.jpg
<nil>x<nil>	82481	Assets/Legacy/Recovered/DragonAlphaDMG/Carved/HFSPartition/Images/carve_0252.jpg
<nil>x<nil>	87602	Assets/Legacy/Recovered/DragonAlphaDMG/Carved/HFSPartition/Images/carve_0246.jpg
<nil>x<nil>	38058	Assets/Legacy/Recovered/DragonAlphaDMG/Carved/HFSPartition/Images/carve_0247.jpg
<nil>x<nil>	20444	Assets/Legacy/Recovered/DragonAlphaDMG/Carved/HFSPartition/Images/carve_0253.jpg
<nil>x<nil>	2791	Assets/Legacy/Recovered/DragonAlphaDMG/Carved/HFSPartition/Images/carve_0284.jpg
<nil>x<nil>	1692176	Assets/Legacy/Recovered/DragonAlphaDMG/Carved/HFSPartition/Images/carve_0290.jpg
64x64	2867	Assets/Legacy/Recovered/DragonAlphaDMG/Carved/HFSPartition/Images/carve_0079.jpg
64x64	2829	Assets/Legacy/Recovered/DragonAlphaDMG/Carved/HFSPartition/Images/carve_0045.jpg
64x64	4007	Assets/Legacy/Recovered/DragonAlphaDMG/Carved/HFSPartition/Images/carve_0051.jpg
64x64	5294	Assets/Legacy/Recovered/DragonAlphaDMG/Carved/HFSPartition/Images/carve_0086.jpg
192x192	17617	Assets/Legacy/Recovered/DragonAlphaDMG/Carved/HFSPartition/Images/carve_0092.jpg
<nil>x<nil>	13459	Assets/Legacy/Recovered/DragonAlphaDMG/Carved/HFSPartition/Images/carve_0119.jpg
64x64	4242	Assets/Legacy/Recovered/DragonAlphaDMG/Carved/HFSPartition/Images/carve_0131.jpg
64x64	3907	Assets/Legacy/Recovered/DragonAlphaDMG/Carved/HFSPartition/Images/carve_0125.jpg
<nil>x<nil>	191416	Assets/Legacy/Recovered/DragonAlphaDMG/Carved/HFSPartition/Images/carve_0469.jpg
<nil>x<nil>	5792	Assets/Legacy/Recovered/DragonAlphaDMG/Carved/HFSPartition/Images/carve_0455.jpg
<nil>x<nil>	135256	Assets/Legacy/Recovered/DragonAlphaDMG/Carved/HFSPartition/Images/carve_0333.jpg
<nil>x<nil>	9836	Assets/Legacy/Recovered/DragonAlphaDMG/Carved/HFSPartition/Images/carve_0327.jpg
<nil>x<nil>	202234	Assets/Legacy/Recovered/DragonAlphaDMG/Carved/HFSPartition/Images/carve_0441.jpg
<nil>x<nil>	99486	Assets/Legacy/Recovered/DragonAlphaDMG/Carved/HFSPartition/Images/carve_0496.jpg
<nil>x<nil>	22628	Assets/Legacy/Recovered/DragonAlphaDMG/Carved/HFSPartition/Images/carve_0482.jpg
<nil>x<nil>	3829	Assets/Legacy/Recovered/DragonAlphaDMG/Carved/HFSPartition/Images/carve_0494.jpg
<nil>x<nil>	290961	Assets/Legacy/Recovered/DragonAlphaDMG/Carved/HFSPartition/Images/carve_0480.jpg
<nil>x<nil>	49095	Assets/Legacy/Recovered/DragonAlphaDMG/Carved/HFSPartition/Images/carve_0331.jpg
<nil>x<nil>	4876	Assets/Legacy/Recovered/DragonAlphaDMG/Carved/HFSPartition/Images/carve_0457.jpg
<nil>x<nil>	55068	Assets/Legacy/Recovered/DragonAlphaDMG/Carved/HFSPartition/Images/carve_0443.jpg
<nil>x<nil>	4264	Assets/Legacy/Recovered/DragonAlphaDMG/Carved/HFSPartition/Images/carve_0325.jpg
<nil>x<nil>	44125	Assets/Legacy/Recovered/DragonAlphaDMG/Carved/HFSPartition/Images/carve_0319.jpg
128x128	14707	Assets/Legacy/Recovered/DragonAlphaDMG/Carved/HFSPartition/Images/carve_0133.jpg
64x64	4386	Assets/Legacy/Recovered/DragonAlphaDMG/Carved/HFSPartition/Images/carve_0127.jpg
64x64	3095	Assets/Legacy/Recovered/DragonAlphaDMG/Carved/HFSPartition/Images/carve_0084.jpg
64x64	3415	Assets/Legacy/Recovered/DragonAlphaDMG/Carved/HFSPartition/Images/carve_0090.jpg
64x64	3214	Assets/Legacy/Recovered/DragonAlphaDMG/Carved/HFSPartition/Images/carve_0047.jpg
64x64	3146	Assets/Legacy/Recovered/DragonAlphaDMG/Carved/HFSPartition/Images/carve_0053.jpg
<nil>x<nil>	48318	Assets/Legacy/Recovered/DragonAlphaDMG/Carved/HFSPartition/Images/carve_0286.jpg
<nil>x<nil>	157057	Assets/Legacy/Recovered/DragonAlphaDMG/Carved/HFSPartition/Images/carve_0292.jpg
<nil>x<nil>	12993	Assets/Legacy/Recovered/DragonAlphaDMG/Carved/HFSPartition/Images/carve_0245.jpg
<nil>x<nil>	6568	Assets/Legacy/Recovered/DragonAlphaDMG/Carved/HFSPartition/Images/carve_0251.jpg
<nil>x<nil>	41374	Assets/Legacy/Recovered/DragonAlphaDMG/Carved/HFSPartition/Images/carve_0279.jpg
<nil>x<nil>	17135	Assets/Legacy/Recovered/DragonAlphaDMG/Carved/HFSPartition/Images/carve_0278.jpg
<nil>x<nil>	28150	Assets/Legacy/Recovered/DragonAlphaDMG/Carved/HFSPartition/Images/carve_0250.jpg
<nil>x<nil>	28398	Assets/Legacy/Recovered/DragonAlphaDMG/Carved/HFSPartition/Images/carve_0244.jpg
<nil>x<nil>	49556	Assets/Legacy/Recovered/DragonAlphaDMG/Carved/HFSPartition/Images/carve_0293.jpg
<nil>x<nil>	341808	Assets/Legacy/Recovered/DragonAlphaDMG/Carved/HFSPartition/Images/carve_0287.jpg
64x64	4878	Assets/Legacy/Recovered/DragonAlphaDMG/Carved/HFSPartition/Images/carve_0052.jpg
64x64	3906	Assets/Legacy/Recovered/DragonAlphaDMG/Carved/HFSPartition/Images/carve_0046.jpg
64x64	4070	Assets/Legacy/Recovered/DragonAlphaDMG/Carved/HFSPartition/Images/carve_0091.jpg
64x64	4254	Assets/Legacy/Recovered/DragonAlphaDMG/Carved/HFSPartition/Images/carve_0085.jpg
64x64	4838	Assets/Legacy/Recovered/DragonAlphaDMG/Carved/HFSPartition/Images/carve_0126.jpg
64x64	6381	Assets/Legacy/Recovered/DragonAlphaDMG/Carved/HFSPartition/Images/carve_0132.jpg
<nil>x<nil>	116379	Assets/Legacy/Recovered/DragonAlphaDMG/Carved/HFSPartition/Images/carve_0318.jpg
<nil>x<nil>	8632	Assets/Legacy/Recovered/DragonAlphaDMG/Carved/HFSPartition/Images/carve_0442.jpg
<nil>x<nil>	16142	Assets/Legacy/Recovered/DragonAlphaDMG/Carved/HFSPartition/Images/carve_0324.jpg
<nil>x<nil>	16713	Assets/Legacy/Recovered/DragonAlphaDMG/Carved/HFSPartition/Images/carve_0330.jpg
<nil>x<nil>	7932	Assets/Legacy/Recovered/DragonAlphaDMG/Carved/HFSPartition/Images/carve_0456.jpg
<nil>x<nil>	1674223	Assets/Legacy/Recovered/DragonAlphaDMG/Carved/HFSPartition/Images/carve_0481.jpg
<nil>x<nil>	50475	Assets/Legacy/Recovered/DragonAlphaDMG/Carved/HFSPartition/Images/carve_0495.jpg
<nil>x<nil>	59835	Assets/Legacy/Recovered/DragonAlphaDMG/Carved/HFSPartition/Images/carve_0394.jpg
<nil>x<nil>	1314276	Assets/Legacy/Recovered/DragonAlphaDMG/Carved/HFSPartition/Images/carve_0380.jpg
<nil>x<nil>	217647	Assets/Legacy/Recovered/DragonAlphaDMG/Carved/HFSPartition/Images/carve_0419.jpg
<nil>x<nil>	2341	Assets/Legacy/Recovered/DragonAlphaDMG/Carved/HFSPartition/Images/carve_0357.jpg
<nil>x<nil>	8210	Assets/Legacy/Recovered/DragonAlphaDMG/Carved/HFSPartition/Images/carve_0431.jpg
<nil>x<nil>	2604	Assets/Legacy/Recovered/DragonAlphaDMG/Carved/HFSPartition/Images/carve_0425.jpg
<nil>x<nil>	8091	Assets/Legacy/Recovered/DragonAlphaDMG/Carved/HFSPartition/Images/carve_0343.jpg
<nil>x<nil>	2901	Assets/Legacy/Recovered/DragonAlphaDMG/Carved/HFSPartition/Images/carve_0196.jpg
<nil>x<nil>	40548	Assets/Legacy/Recovered/DragonAlphaDMG/Carved/HFSPartition/Images/carve_0182.jpg
<nil>x<nil>	10333	Assets/Legacy/Recovered/DragonAlphaDMG/Carved/HFSPartition/Images/carve_0169.jpg
<nil>x<nil>	21736	Assets/Legacy/Recovered/DragonAlphaDMG/Carved/HFSPartition/Images/carve_0155.jpg
<nil>x<nil>	7909	Assets/Legacy/Recovered/DragonAlphaDMG/Carved/HFSPartition/Images/carve_0141.jpg
<nil>x<nil>	382739	Assets/Legacy/Recovered/DragonAlphaDMG/Carved/HFSPartition/Images/carve_0009.jpg
64x64	3179	Assets/Legacy/Recovered/DragonAlphaDMG/Carved/HFSPartition/Images/carve_0021.jpg
64x64	2978	Assets/Legacy/Recovered/DragonAlphaDMG/Carved/HFSPartition/Images/carve_0035.jpg
64x64	2350	Assets/Legacy/Recovered/DragonAlphaDMG/Carved/HFSPartition/Images/carve_0009.png
64x64	2345	Assets/Legacy/Recovered/DragonAlphaDMG/Carved/HFSPartition/Images/carve_0021.png
<nil>x<nil>	6876	Assets/Legacy/Recovered/DragonAlphaDMG/Carved/HFSPartition/Images/carve_0223.jpg
<nil>x<nil>	32131	Assets/Legacy/Recovered/DragonAlphaDMG/Carved/HFSPartition/Images/carve_0237.jpg
<nil>x<nil>	17220	Assets/Legacy/Recovered/DragonAlphaDMG/Carved/HFSPartition/Images/carve_0236.jpg
<nil>x<nil>	23008	Assets/Legacy/Recovered/DragonAlphaDMG/Carved/HFSPartition/Images/carve_0222.jpg
64x64	1968	Assets/Legacy/Recovered/DragonAlphaDMG/Carved/HFSPartition/Images/carve_0020.png
800x600	146192	Assets/Legacy/Recovered/DragonAlphaDMG/Carved/HFSPartition/Images/carve_0034.png
64x64	1965	Assets/Legacy/Recovered/DragonAlphaDMG/Carved/HFSPartition/Images/carve_0008.png
64x64	2803	Assets/Legacy/Recovered/DragonAlphaDMG/Carved/HFSPartition/Images/carve_0034.jpg
64x64	3695	Assets/Legacy/Recovered/DragonAlphaDMG/Carved/HFSPartition/Images/carve_0020.jpg
<nil>x<nil>	2513	Assets/Legacy/Recovered/DragonAlphaDMG/Carved/HFSPartition/Images/carve_0008.jpg
<nil>x<nil>	16542	Assets/Legacy/Recovered/DragonAlphaDMG/Carved/HFSPartition/Images/carve_0140.jpg
<nil>x<nil>	205711	Assets/Legacy/Recovered/DragonAlphaDMG/Carved/HFSPartition/Images/carve_0154.jpg
<nil>x<nil>	21874	Assets/Legacy/Recovered/DragonAlphaDMG/Carved/HFSPartition/Images/carve_0168.jpg
<nil>x<nil>	18424	Assets/Legacy/Recovered/DragonAlphaDMG/Carved/HFSPartition/Images/carve_0183.jpg
<nil>x<nil>	9506	Assets/Legacy/Recovered/DragonAlphaDMG/Carved/HFSPartition/Images/carve_0197.jpg
<nil>x<nil>	185338	Assets/Legacy/Recovered/DragonAlphaDMG/Carved/HFSPartition/Images/carve_0424.jpg
<nil>x<nil>	191243	Assets/Legacy/Recovered/DragonAlphaDMG/Carved/HFSPartition/Images/carve_0342.jpg
<nil>x<nil>	152643	Assets/Legacy/Recovered/DragonAlphaDMG/Carved/HFSPartition/Images/carve_0356.jpg
<nil>x<nil>	123928	Assets/Legacy/Recovered/DragonAlphaDMG/Carved/HFSPartition/Images/carve_0430.jpg
<nil>x<nil>	69802	Assets/Legacy/Recovered/DragonAlphaDMG/Carved/HFSPartition/Images/carve_0418.jpg
<nil>x<nil>	30331	Assets/Legacy/Recovered/DragonAlphaDMG/Carved/HFSPartition/Images/carve_0381.jpg
<nil>x<nil>	67531	Assets/Legacy/Recovered/DragonAlphaDMG/Carved/HFSPartition/Images/carve_0395.jpg
<nil>x<nil>	20073	Assets/Legacy/Recovered/DragonAlphaDMG/Carved/HFSPartition/Images/carve_0383.jpg
<nil>x<nil>	65399	Assets/Legacy/Recovered/DragonAlphaDMG/Carved/HFSPartition/Images/carve_0397.jpg
<nil>x<nil>	16267	Assets/Legacy/Recovered/DragonAlphaDMG/Carved/HFSPartition/Images/carve_0368.jpg
<nil>x<nil>	91588	Assets/Legacy/Recovered/DragonAlphaDMG/Carved/HFSPartition/Images/carve_0340.jpg
<nil>x<nil>	10759	Assets/Legacy/Recovered/DragonAlphaDMG/Carved/HFSPartition/Images/carve_0426.jpg
<nil>x<nil>	2096	Assets/Legacy/Recovered/DragonAlphaDMG/Carved/HFSPartition/Images/carve_0432.jpg
<nil>x<nil>	55993	Assets/Legacy/Recovered/DragonAlphaDMG/Carved/HFSPartition/Images/carve_0354.jpg
<nil>x<nil>	15715	Assets/Legacy/Recovered/DragonAlphaDMG/Carved/HFSPartition/Images/carve_0181.jpg
<nil>x<nil>	2186	Assets/Legacy/Recovered/DragonAlphaDMG/Carved/HFSPartition/Images/carve_0195.jpg
<nil>x<nil>	18451	Assets/Legacy/Recovered/DragonAlphaDMG/Carved/HFSPartition/Images/carve_0142.jpg
<nil>x<nil>	20419	Assets/Legacy/Recovered/DragonAlphaDMG/Carved/HFSPartition/Images/carve_0156.jpg
64x64	2179	Assets/Legacy/Recovered/DragonAlphaDMG/Carved/HFSPartition/Images/carve_0036.jpg
64x64	2968	Assets/Legacy/Recovered/DragonAlphaDMG/Carved/HFSPartition/Images/carve_0022.jpg
64x64	1966	Assets/Legacy/Recovered/DragonAlphaDMG/Carved/HFSPartition/Images/carve_0022.png
<nil>x<nil>	2954	Assets/Legacy/Recovered/DragonAlphaDMG/Carved/HFSPartition/Images/carve_0208.jpg
<nil>x<nil>	5995	Assets/Legacy/Recovered/DragonAlphaDMG/Carved/HFSPartition/Images/carve_0234.jpg
<nil>x<nil>	5629	Assets/Legacy/Recovered/DragonAlphaDMG/Carved/HFSPartition/Images/carve_0220.jpg
<nil>x<nil>	3804	Assets/Legacy/Recovered/DragonAlphaDMG/Carved/HFSPartition/Images/carve_0221.jpg
<nil>x<nil>	8233	Assets/Legacy/Recovered/DragonAlphaDMG/Carved/HFSPartition/Images/carve_0235.jpg
<nil>x<nil>	7030	Assets/Legacy/Recovered/DragonAlphaDMG/Carved/HFSPartition/Images/carve_0209.jpg
800x600	28505	Assets/Legacy/Recovered/DragonAlphaDMG/Carved/HFSPartition/Images/carve_0023.png
64x64	2621	Assets/Legacy/Recovered/DragonAlphaDMG/Carved/HFSPartition/Images/carve_0023.jpg
64x64	2542	Assets/Legacy/Recovered/DragonAlphaDMG/Carved/HFSPartition/Images/carve_0037.jpg
<nil>x<nil>	22895	Assets/Legacy/Recovered/DragonAlphaDMG/Carved/HFSPartition/Images/carve_0157.jpg
<nil>x<nil>	9936	Assets/Legacy/Recovered/DragonAlphaDMG/Carved/HFSPartition/Images/carve_0143.jpg
<nil>x<nil>	2249	Assets/Legacy/Recovered/DragonAlphaDMG/Carved/HFSPartition/Images/carve_0194.jpg
<nil>x<nil>	45117	Assets/Legacy/Recovered/DragonAlphaDMG/Carved/HFSPartition/Images/carve_0180.jpg
<nil>x<nil>	42970	Assets/Legacy/Recovered/DragonAlphaDMG/Carved/HFSPartition/Images/carve_0433.jpg
<nil>x<nil>	2134	Assets/Legacy/Recovered/DragonAlphaDMG/Carved/HFSPartition/Images/carve_0355.jpg
<nil>x<nil>	8109	Assets/Legacy/Recovered/DragonAlphaDMG/Carved/HFSPartition/Images/carve_0341.jpg
<nil>x<nil>	122837	Assets/Legacy/Recovered/DragonAlphaDMG/Carved/HFSPartition/Images/carve_0427.jpg
<nil>x<nil>	21410	Assets/Legacy/Recovered/DragonAlphaDMG/Carved/HFSPartition/Images/carve_0369.jpg
<nil>x<nil>	165317	Assets/Legacy/Recovered/DragonAlphaDMG/Carved/HFSPartition/Images/carve_0396.jpg
<nil>x<nil>	6052	Assets/Legacy/Recovered/DragonAlphaDMG/Carved/HFSPartition/Images/carve_0382.jpg
<nil>x<nil>	237940	Assets/Legacy/Recovered/DragonAlphaDMG/Carved/HFSPartition/Images/carve_0386.jpg
<nil>x<nil>	45208	Assets/Legacy/Recovered/DragonAlphaDMG/Carved/HFSPartition/Images/carve_0392.jpg
<nil>x<nil>	234888	Assets/Legacy/Recovered/DragonAlphaDMG/Carved/HFSPartition/Images/carve_0423.jpg
<nil>x<nil>	9027	Assets/Legacy/Recovered/DragonAlphaDMG/Carved/HFSPartition/Images/carve_0345.jpg
<nil>x<nil>	18246	Assets/Legacy/Recovered/DragonAlphaDMG/Carved/HFSPartition/Images/carve_0351.jpg
<nil>x<nil>	80475	Assets/Legacy/Recovered/DragonAlphaDMG/Carved/HFSPartition/Images/carve_0437.jpg
<nil>x<nil>	207518	Assets/Legacy/Recovered/DragonAlphaDMG/Carved/HFSPartition/Images/carve_0379.jpg
<nil>x<nil>	87252	Assets/Legacy/Recovered/DragonAlphaDMG/Carved/HFSPartition/Images/carve_0184.jpg
<nil>x<nil>	91119	Assets/Legacy/Recovered/DragonAlphaDMG/Carved/HFSPartition/Images/carve_0190.jpg
<nil>x<nil>	73812	Assets/Legacy/Recovered/DragonAlphaDMG/Carved/HFSPartition/Images/carve_0147.jpg
<nil>x<nil>	16259	Assets/Legacy/Recovered/DragonAlphaDMG/Carved/HFSPartition/Images/carve_0153.jpg
64x64	4519	Assets/Legacy/Recovered/DragonAlphaDMG/Carved/HFSPartition/Images/carve_0033.jpg
64x64	3978	Assets/Legacy/Recovered/DragonAlphaDMG/Carved/HFSPartition/Images/carve_0027.jpg
4x9	945	Assets/Legacy/Recovered/DragonAlphaDMG/Carved/HFSPartition/Images/carve_0027.png
640x16	1225	Assets/Legacy/Recovered/DragonAlphaDMG/Carved/HFSPartition/Images/carve_0033.png
<nil>x<nil>	6538	Assets/Legacy/Recovered/DragonAlphaDMG/Carved/HFSPartition/Images/carve_0231.jpg
<nil>x<nil>	3259	Assets/Legacy/Recovered/DragonAlphaDMG/Carved/HFSPartition/Images/carve_0225.jpg
<nil>x<nil>	14821	Assets/Legacy/Recovered/DragonAlphaDMG/Carved/HFSPartition/Images/carve_0219.jpg
<nil>x<nil>	6911	Assets/Legacy/Recovered/DragonAlphaDMG/Carved/HFSPartition/Images/carve_0218.jpg
<nil>x<nil>	15243	Assets/Legacy/Recovered/DragonAlphaDMG/Carved/HFSPartition/Images/carve_0224.jpg
<nil>x<nil>	4514	Assets/Legacy/Recovered/DragonAlphaDMG/Carved/HFSPartition/Images/carve_0230.jpg
32x512	3803	Assets/Legacy/Recovered/DragonAlphaDMG/Carved/HFSPartition/Images/carve_0032.png
328x80	3479	Assets/Legacy/Recovered/DragonAlphaDMG/Carved/HFSPartition/Images/carve_0026.png
64x64	3343	Assets/Legacy/Recovered/DragonAlphaDMG/Carved/HFSPartition/Images/carve_0026.jpg
64x64	4853	Assets/Legacy/Recovered/DragonAlphaDMG/Carved/HFSPartition/Images/carve_0032.jpg
<nil>x<nil>	78872	Assets/Legacy/Recovered/DragonAlphaDMG/Carved/HFSPartition/Images/carve_0152.jpg
<nil>x<nil>	10769	Assets/Legacy/Recovered/DragonAlphaDMG/Carved/HFSPartition/Images/carve_0146.jpg
<nil>x<nil>	58925	Assets/Legacy/Recovered/DragonAlphaDMG/Carved/HFSPartition/Images/carve_0191.jpg
<nil>x<nil>	20083	Assets/Legacy/Recovered/DragonAlphaDMG/Carved/HFSPartition/Images/carve_0185.jpg
<nil>x<nil>	56807	Assets/Legacy/Recovered/DragonAlphaDMG/Carved/HFSPartition/Images/carve_0378.jpg
<nil>x<nil>	37632	Assets/Legacy/Recovered/DragonAlphaDMG/Carved/HFSPartition/Images/carve_0350.jpg
<nil>x<nil>	66124	Assets/Legacy/Recovered/DragonAlphaDMG/Carved/HFSPartition/Images/carve_0436.jpg
<nil>x<nil>	58148	Assets/Legacy/Recovered/DragonAlphaDMG/Carved/HFSPartition/Images/carve_0422.jpg
<nil>x<nil>	83958	Assets/Legacy/Recovered/DragonAlphaDMG/Carved/HFSPartition/Images/carve_0344.jpg
<nil>x<nil>	254905	Assets/Legacy/Recovered/DragonAlphaDMG/Carved/HFSPartition/Images/carve_0393.jpg
<nil>x<nil>	7887	Assets/Legacy/Recovered/DragonAlphaDMG/Carved/HFSPartition/Images/carve_0387.jpg
<nil>x<nil>	313892	Assets/Legacy/Recovered/DragonAlphaDMG/Carved/HFSPartition/Images/carve_0391.jpg
<nil>x<nil>	4458	Assets/Legacy/Recovered/DragonAlphaDMG/Carved/HFSPartition/Images/carve_0385.jpg
<nil>x<nil>	146111	Assets/Legacy/Recovered/DragonAlphaDMG/Carved/HFSPartition/Images/carve_0434.jpg
<nil>x<nil>	306744	Assets/Legacy/Recovered/DragonAlphaDMG/Carved/HFSPartition/Images/carve_0352.jpg
<nil>x<nil>	5368	Assets/Legacy/Recovered/DragonAlphaDMG/Carved/HFSPartition/Images/carve_0346.jpg
<nil>x<nil>	188958	Assets/Legacy/Recovered/DragonAlphaDMG/Carved/HFSPartition/Images/carve_0420.jpg
<nil>x<nil>	81425	Assets/Legacy/Recovered/DragonAlphaDMG/Carved/HFSPartition/Images/carve_0408.jpg
<nil>x<nil>	6574	Assets/Legacy/Recovered/DragonAlphaDMG/Carved/HFSPartition/Images/carve_0193.jpg
<nil>x<nil>	13670	Assets/Legacy/Recovered/DragonAlphaDMG/Carved/HFSPartition/Images/carve_0187.jpg
<nil>x<nil>	4211	Assets/Legacy/Recovered/DragonAlphaDMG/Carved/HFSPartition/Images/carve_0150.jpg
<nil>x<nil>	12001	Assets/Legacy/Recovered/DragonAlphaDMG/Carved/HFSPartition/Images/carve_0144.jpg
<nil>x<nil>	6529	Assets/Legacy/Recovered/DragonAlphaDMG/Carved/HFSPartition/Images/carve_0178.jpg
64x64	2509	Assets/Legacy/Recovered/DragonAlphaDMG/Carved/HFSPartition/Images/carve_0024.jpg
64x64	3275	Assets/Legacy/Recovered/DragonAlphaDMG/Carved/HFSPartition/Images/carve_0030.jpg
64x64	2089	Assets/Legacy/Recovered/DragonAlphaDMG/Carved/HFSPartition/Images/carve_0018.jpg
672x512	14192	Assets/Legacy/Recovered/DragonAlphaDMG/Carved/HFSPartition/Images/carve_0030.png
328x80	3486	Assets/Legacy/Recovered/DragonAlphaDMG/Carved/HFSPartition/Images/carve_0024.png
64x64	1473	Assets/Legacy/Recovered/DragonAlphaDMG/Carved/HFSPartition/Images/carve_0018.png
<nil>x<nil>	80758	Assets/Legacy/Recovered/DragonAlphaDMG/Carved/HFSPartition/Images/carve_0226.jpg
<nil>x<nil>	4400	Assets/Legacy/Recovered/DragonAlphaDMG/Carved/HFSPartition/Images/carve_0232.jpg
<nil>x<nil>	7566	Assets/Legacy/Recovered/DragonAlphaDMG/Carved/HFSPartition/Images/carve_0233.jpg
<nil>x<nil>	20245	Assets/Legacy/Recovered/DragonAlphaDMG/Carved/HFSPartition/Images/carve_0227.jpg
192x24	683	Assets/Legacy/Recovered/DragonAlphaDMG/Carved/HFSPartition/Images/carve_0019.png
328x80	3481	Assets/Legacy/Recovered/DragonAlphaDMG/Carved/HFSPartition/Images/carve_0025.png
800x600	122534	Assets/Legacy/Recovered/DragonAlphaDMG/Carved/HFSPartition/Images/carve_0031.png
64x64	5201	Assets/Legacy/Recovered/DragonAlphaDMG/Carved/HFSPartition/Images/carve_0019.jpg
64x64	4133	Assets/Legacy/Recovered/DragonAlphaDMG/Carved/HFSPartition/Images/carve_0031.jpg
64x64	2720	Assets/Legacy/Recovered/DragonAlphaDMG/Carved/HFSPartition/Images/carve_0025.jpg
<nil>x<nil>	16654	Assets/Legacy/Recovered/DragonAlphaDMG/Carved/HFSPartition/Images/carve_0179.jpg
<nil>x<nil>	6080	Assets/Legacy/Recovered/DragonAlphaDMG/Carved/HFSPartition/Images/carve_0145.jpg
<nil>x<nil>	15388	Assets/Legacy/Recovered/DragonAlphaDMG/Carved/HFSPartition/Images/carve_0151.jpg
<nil>x<nil>	71796	Assets/Legacy/Recovered/DragonAlphaDMG/Carved/HFSPartition/Images/carve_0186.jpg
<nil>x<nil>	7150	Assets/Legacy/Recovered/DragonAlphaDMG/Carved/HFSPartition/Images/carve_0192.jpg
<nil>x<nil>	2324	Assets/Legacy/Recovered/DragonAlphaDMG/Carved/HFSPartition/Images/carve_0409.jpg
<nil>x<nil>	93998	Assets/Legacy/Recovered/DragonAlphaDMG/Carved/HFSPartition/Images/carve_0347.jpg
<nil>x<nil>	2258	Assets/Legacy/Recovered/DragonAlphaDMG/Carved/HFSPartition/Images/carve_0421.jpg
<nil>x<nil>	11250	Assets/Legacy/Recovered/DragonAlphaDMG/Carved/HFSPartition/Images/carve_0435.jpg
<nil>x<nil>	433242	Assets/Legacy/Recovered/DragonAlphaDMG/Carved/HFSPartition/Images/carve_0353.jpg
<nil>x<nil>	7373	Assets/Legacy/Recovered/DragonAlphaDMG/Carved/HFSPartition/Images/carve_0384.jpg
<nil>x<nil>	101920	Assets/Legacy/Recovered/DragonAlphaDMG/Carved/HFSPartition/Images/carve_0390.jpg
