00467b0d19c4cd61ec626919b875e6ed	Plug-Ins/Additional Art/Monsters/goblin2.jpg	Assets/Legacy/Recovered/DragonAlphaDMG/Carved/HFSPartition/Images/carve_0100.jpg	64x64
00467b0d19c4cd61ec626919b875e6ed	Plug-Ins/Additional Art/Monsters/goblin2.jpg	Assets/Legacy/Recovered/DragonAlphaDMG/Carved/Images/carve_0100.jpg	64x64
02cee434a3322fa8a0aa316cc8230c39	Plug-Ins/Additional Art/Items/chestclosed.jpg	Assets/Legacy/Recovered/DragonAlphaDMG/Carved/HFSPartition/Images/carve_0031.jpg	64x64
02cee434a3322fa8a0aa316cc8230c39	Plug-Ins/Additional Art/Items/chestclosed.jpg	Assets/Legacy/Recovered/DragonAlphaDMG/Carved/Images/carve_0031.jpg	64x64
03a155107de5db255cfa42861cb72213	Plug-Ins/Additional Art/Items/lightning2.jpg	Assets/Legacy/Recovered/DragonAlphaDMG/Carved/HFSPartition/Images/carve_0047.jpg	64x64
03a155107de5db255cfa42861cb72213	Plug-Ins/Additional Art/Items/lightning2.jpg	Assets/Legacy/Recovered/DragonAlphaDMG/Carved/Images/carve_0047.jpg	64x64
0aebdaa10decd226f7dea103151c65ac	Plug-Ins/Additional Art/Monsters/herobob.jpg	Assets/Legacy/Recovered/DragonAlphaDMG/Carved/HFSPartition/Images/carve_0113.jpg	64x64
0aebdaa10decd226f7dea103151c65ac	Plug-Ins/Additional Art/Monsters/herobob.jpg	Assets/Legacy/Recovered/DragonAlphaDMG/Carved/Images/carve_0113.jpg	64x64
0ea03f128c0f8043341ef35bb9b77d32	Plug-Ins/Additional Art/Monsters/bluedeval.jpg	Assets/Legacy/Recovered/DragonAlphaDMG/Carved/HFSPartition/Images/carve_0086.jpg	64x64
0ea03f128c0f8043341ef35bb9b77d32	Plug-Ins/Additional Art/Monsters/bluedeval.jpg	Assets/Legacy/Recovered/DragonAlphaDMG/Carved/Images/carve_0086.jpg	64x64
13389f07bb0f72367cf86a4758f0d148	Plug-Ins/Power Plug/Images/BattleMode/redLifeBar.png	Assets/Legacy/Recovered/DragonAlphaDMG/Carved/HFSPartition/Images/carve_0017.png	4x64
13389f07bb0f72367cf86a4758f0d148	Plug-Ins/Power Plug/Images/BattleMode/redLifeBar.png	Assets/Legacy/Recovered/DragonAlphaDMG/Carved/Images/carve_0017.png	4x64
136cdf945a86db5fdd16cf92a6872f90	Plug-Ins/Additional Art/Items/shield3.jpg	Assets/Legacy/Recovered/DragonAlphaDMG/Carved/HFSPartition/Images/carve_0069.jpg	64x64
136cdf945a86db5fdd16cf92a6872f90	Plug-Ins/Additional Art/Items/shield3.jpg	Assets/Legacy/Recovered/DragonAlphaDMG/Carved/Images/carve_0069.jpg	64x64
145dd0b065b9b73d0909c00b66177fc1	Plug-Ins/Additional Art/Items/mailshirtarmour.jpg	Assets/Legacy/Recovered/DragonAlphaDMG/Carved/HFSPartition/Images/carve_0051.jpg	64x64
145dd0b065b9b73d0909c00b66177fc1	Plug-Ins/Additional Art/Items/mailshirtarmour.jpg	Assets/Legacy/Recovered/DragonAlphaDMG/Carved/Images/carve_0051.jpg	64x64
17a663afaf9df92291aaaf4c17546a73	Plug-Ins/Additional Art/Items/largesabre.jpg	Assets/Legacy/Recovered/DragonAlphaDMG/Carved/HFSPartition/Images/carve_0045.jpg	64x64
17a663afaf9df92291aaaf4c17546a73	Plug-Ins/Additional Art/Items/largesabre.jpg	Assets/Legacy/Recovered/DragonAlphaDMG/Carved/Images/carve_0045.jpg	64x64
1a6d4adaf29f14986c8aa90a3ef906ef	Plug-Ins/Power Plug/Images/Core/loadingColor.png	Assets/Legacy/Recovered/DragonAlphaDMG/Carved/HFSPartition/Images/carve_0027.png	4x9
1a6d4adaf29f14986c8aa90a3ef906ef	Plug-Ins/Power Plug/Images/Core/loadingColor.png	Assets/Legacy/Recovered/DragonAlphaDMG/Carved/Images/carve_0027.png	4x9
1c2eee114d2280bba1676de51f3f38d0	Plug-Ins/Additional Art/Monsters/dead-cleaver2.jpg	Assets/Legacy/Recovered/DragonAlphaDMG/Carved/HFSPartition/Images/carve_0089.jpg	64x64
1c2eee114d2280bba1676de51f3f38d0	Plug-Ins/Additional Art/Monsters/dead-cleaver2.jpg	Assets/Legacy/Recovered/DragonAlphaDMG/Carved/Images/carve_0089.jpg	64x64
1d6a7e424929fe66655379b4f2ab3d6a	Plug-Ins/Power Plug/Images/Core/selectButton.png	Assets/Legacy/Recovered/DragonAlphaDMG/Carved/HFSPartition/Images/carve_0029.png	22x22
1d6a7e424929fe66655379b4f2ab3d6a	Plug-Ins/Power Plug/Images/Core/selectButton.png	Assets/Legacy/Recovered/DragonAlphaDMG/Carved/Images/carve_0029.png	22x22
1d7bf6eeb91093009f9fe2e60c665b23	Plug-Ins/Additional Art/Monsters/soldier2.jpg	Assets/Legacy/Recovered/DragonAlphaDMG/Carved/HFSPartition/Images/carve_0126.jpg	64x64
1d7bf6eeb91093009f9fe2e60c665b23	Plug-Ins/Additional Art/Monsters/soldier2.jpg	Assets/Legacy/Recovered/DragonAlphaDMG/Carved/Images/carve_0126.jpg	64x64
1da7ff6a8b944f85081b8c3a12d3356b	Plug-Ins/Additional Art/Items/plainsword2.jpg	Assets/Legacy/Recovered/DragonAlphaDMG/Carved/HFSPartition/Images/carve_0058.jpg	64x64
1da7ff6a8b944f85081b8c3a12d3356b	Plug-Ins/Additional Art/Items/plainsword2.jpg	Assets/Legacy/Recovered/DragonAlphaDMG/Carved/Images/carve_0058.jpg	64x64
20bf296af589a419ed0ff4be5c0c876c	Plug-Ins/Additional Art/Items/dager.jpg	Assets/Legacy/Recovered/DragonAlphaDMG/Carved/HFSPartition/Images/carve_0037.jpg	64x64
20bf296af589a419ed0ff4be5c0c876c	Plug-Ins/Additional Art/Items/dager.jpg	Assets/Legacy/Recovered/DragonAlphaDMG/Carved/Images/carve_0037.jpg	64x64
220132256d46d3da77927c12022003db	Plug-Ins/Power Plug/Images/BattleMode/greenLifeBar.png	Assets/Legacy/Recovered/DragonAlphaDMG/Carved/HFSPartition/Images/carve_0011.png	4x64
220132256d46d3da77927c12022003db	Plug-Ins/Power Plug/Images/BattleMode/greenLifeBar.png	Assets/Legacy/Recovered/DragonAlphaDMG/Carved/Images/carve_0011.png	4x64
22a1524b45807287a1a844710ce022f8	Plug-Ins/Power Plug/Images/BattleMode/attackHit.png	Assets/Legacy/Recovered/DragonAlphaDMG/Carved/HFSPartition/Images/carve_0003.png	64x64
22a1524b45807287a1a844710ce022f8	Plug-Ins/Power Plug/Images/BattleMode/attackHit.png	Assets/Legacy/Recovered/DragonAlphaDMG/Carved/Images/carve_0003.png	64x64
22fe1bc955ebe2252ae849db63ad535d	Plug-Ins/Additional Art/Items/capeblack.jpg	Assets/Legacy/Recovered/DragonAlphaDMG/Carved/HFSPartition/Images/carve_0030.jpg	64x64
22fe1bc955ebe2252ae849db63ad535d	Plug-Ins/Additional Art/Items/capeblack.jpg	Assets/Legacy/Recovered/DragonAlphaDMG/Carved/Images/carve_0030.jpg	64x64
243fd993c69e39c00870ff022bf75340	Plug-Ins/Power Plug/Images/BattleMode/gameOver.png	Assets/Legacy/Recovered/DragonAlphaDMG/Carved/HFSPartition/Images/carve_0010.png	800x600
243fd993c69e39c00870ff022bf75340	Plug-Ins/Power Plug/Images/BattleMode/gameOver.png	Assets/Legacy/Recovered/DragonAlphaDMG/Carved/Images/carve_0010.png	800x600
261946daf433cfa02d9d500c845baaa4	Plug-Ins/Additional Art/Items/towershield.jpg	Assets/Legacy/Recovered/DragonAlphaDMG/Carved/HFSPartition/Images/carve_0081.jpg	64x64
261946daf433cfa02d9d500c845baaa4	Plug-Ins/Additional Art/Items/towershield.jpg	Assets/Legacy/Recovered/DragonAlphaDMG/Carved/Images/carve_0081.jpg	64x64
261b0c37342ce0f1f3bc40adcfd706cc	Plug-Ins/Additional Art/Items/cape&hoodbrown.jpg	Assets/Legacy/Recovered/DragonAlphaDMG/Carved/HFSPartition/Images/carve_0029.jpg	64x64
261b0c37342ce0f1f3bc40adcfd706cc	Plug-Ins/Additional Art/Items/cape&hoodbrown.jpg	Assets/Legacy/Recovered/DragonAlphaDMG/Carved/Images/carve_0029.jpg	64x64
2665eada2445e3151dce305b85993398	Plug-Ins/Additional Art/Monsters/herosorcereress.jpg	Assets/Legacy/Recovered/DragonAlphaDMG/Carved/HFSPartition/Images/carve_0116.jpg	64x64
2665eada2445e3151dce305b85993398	Plug-Ins/Additional Art/Monsters/herosorcereress.jpg	Assets/Legacy/Recovered/DragonAlphaDMG/Carved/Images/carve_0116.jpg	64x64
26e5c26be5706385c52c3a51d046e8ca	Plug-Ins/Additional Art/Monsters/greatwolf.jpg	Assets/Legacy/Recovered/DragonAlphaDMG/Carved/HFSPartition/Images/carve_0112.jpg	128x128
26e5c26be5706385c52c3a51d046e8ca	Plug-Ins/Additional Art/Monsters/greatwolf.jpg	Assets/Legacy/Recovered/DragonAlphaDMG/Carved/Images/carve_0112.jpg	128x128
2890d5f0a23fb5a27b4dbd2e5ff71035	Plug-Ins/Power Plug/Images/BattleMode/fireHit.png	Assets/Legacy/Recovered/DragonAlphaDMG/Carved/HFSPartition/Images/carve_0009.png	64x64
2890d5f0a23fb5a27b4dbd2e5ff71035	Plug-Ins/Power Plug/Images/BattleMode/fireHit.png	Assets/Legacy/Recovered/DragonAlphaDMG/Carved/Images/carve_0009.png	64x64
2a4371280e7a7772636cda804a2e2583	Plug-Ins/Additional Art/Items/warhammer.jpg	Assets/Legacy/Recovered/DragonAlphaDMG/Carved/HFSPartition/Images/carve_0083.jpg	64x64
2a4371280e7a7772636cda804a2e2583	Plug-Ins/Additional Art/Items/warhammer.jpg	Assets/Legacy/Recovered/DragonAlphaDMG/Carved/Images/carve_0083.jpg	64x64
2f1802d28abbfcb38d305de161486f06	Plug-Ins/Additional Art/Monsters/blacksoldier.jpg	Assets/Legacy/Recovered/DragonAlphaDMG/Carved/HFSPartition/Images/carve_0085.jpg	64x64
2f1802d28abbfcb38d305de161486f06	Plug-Ins/Additional Art/Monsters/blacksoldier.jpg	Assets/Legacy/Recovered/DragonAlphaDMG/Carved/Images/carve_0085.jpg	64x64
2fee739730e837d0e1c59befc373200a	Plug-Ins/Additional Art/Monsters/goblincaptain.jpg	Assets/Legacy/Recovered/DragonAlphaDMG/Carved/HFSPartition/Images/carve_0102.jpg	64x64
2fee739730e837d0e1c59befc373200a	Plug-Ins/Additional Art/Monsters/goblincaptain.jpg	Assets/Legacy/Recovered/DragonAlphaDMG/Carved/Images/carve_0102.jpg	64x64
310abc1d0812e0ec3f215aee357aacb4	Plug-Ins/Power Plug/Images/MapMode/mapModeUI.png	Assets/Legacy/Recovered/DragonAlphaDMG/Carved/HFSPartition/Images/carve_0031.png	800x600
310abc1d0812e0ec3f215aee357aacb4	Plug-Ins/Power Plug/Images/MapMode/mapModeUI.png	Assets/Legacy/Recovered/DragonAlphaDMG/Carved/Images/carve_0031.png	800x600
31ef9bc0a07e9b2d6dd9b7494f53b823	Plug-Ins/Power Plug/Images/BattleMode/darkCast.png	Assets/Legacy/Recovered/DragonAlphaDMG/Carved/HFSPartition/Images/carve_0004.png	64x64
31ef9bc0a07e9b2d6dd9b7494f53b823	Plug-Ins/Power Plug/Images/BattleMode/darkCast.png	Assets/Legacy/Recovered/DragonAlphaDMG/Carved/Images/carve_0004.png	64x64
32c9d0ea2a6b8e71a6d381c7e5c7ebe2	Plug-Ins/Additional Art/Items/medalion.jpg	Assets/Legacy/Recovered/DragonAlphaDMG/Carved/HFSPartition/Images/carve_0052.jpg	64x64
32c9d0ea2a6b8e71a6d381c7e5c7ebe2	Plug-Ins/Additional Art/Items/medalion.jpg	Assets/Legacy/Recovered/DragonAlphaDMG/Carved/Images/carve_0052.jpg	64x64
33a4b0ad5cc5c88c0750c24d5ef3d92d	Plug-Ins/Additional Art/Monsters/soldier4.jpg	Assets/Legacy/Recovered/DragonAlphaDMG/Carved/HFSPartition/Images/carve_0128.jpg	64x64
33a4b0ad5cc5c88c0750c24d5ef3d92d	Plug-Ins/Additional Art/Monsters/soldier4.jpg	Assets/Legacy/Recovered/DragonAlphaDMG/Carved/Images/carve_0128.jpg	64x64
33ec6e403ea97bf95d133f468fbe3a63	Plug-Ins/Additional Art/Items/soldierboots.jpg	Assets/Legacy/Recovered/DragonAlphaDMG/Carved/HFSPartition/Images/carve_0077.jpg	64x64
33ec6e403ea97bf95d133f468fbe3a63	Plug-Ins/Additional Art/Items/soldierboots.jpg	Assets/Legacy/Recovered/DragonAlphaDMG/Carved/Images/carve_0077.jpg	64x64
35c9ea69ba0a1b45e231af7701c20b88	Plug-Ins/Additional Art/Items/nicesabre.jpg	Assets/Legacy/Recovered/DragonAlphaDMG/Carved/HFSPartition/Images/carve_0053.jpg	64x64
35c9ea69ba0a1b45e231af7701c20b88	Plug-Ins/Additional Art/Items/nicesabre.jpg	Assets/Legacy/Recovered/DragonAlphaDMG/Carved/Images/carve_0053.jpg	64x64
36b100d0f5f1b50220562411be2d4ff3	Plug-Ins/Additional Art/Monsters/slimegreen2.jpg	Assets/Legacy/Recovered/DragonAlphaDMG/Carved/HFSPartition/Images/carve_0123.jpg	64x64
36b100d0f5f1b50220562411be2d4ff3	Plug-Ins/Additional Art/Monsters/slimegreen2.jpg	Assets/Legacy/Recovered/DragonAlphaDMG/Carved/Images/carve_0123.jpg	64x64
3857507755f88d52271c86d481954040	Plug-Ins/Power Plug/Images/BattleMode/earthCast.png	Assets/Legacy/Recovered/DragonAlphaDMG/Carved/HFSPartition/Images/carve_0006.png	64x64
3857507755f88d52271c86d481954040	Plug-Ins/Power Plug/Images/BattleMode/earthCast.png	Assets/Legacy/Recovered/DragonAlphaDMG/Carved/Images/carve_0006.png	64x64
3bdf21fd0902370a48b50549909b1a47	Plug-Ins/Additional Art/Items/robeblue.jpg	Assets/Legacy/Recovered/DragonAlphaDMG/Carved/HFSPartition/Images/carve_0062.jpg	64x64
3bdf21fd0902370a48b50549909b1a47	Plug-Ins/Additional Art/Items/robeblue.jpg	Assets/Legacy/Recovered/DragonAlphaDMG/Carved/Images/carve_0062.jpg	64x64
3c6a9b70288b595ebb6655d7c12c52ec	Plug-Ins/Additional Art/Monsters/soldier.jpg	Assets/Legacy/Recovered/DragonAlphaDMG/Carved/HFSPartition/Images/carve_0125.jpg	64x64
3c6a9b70288b595ebb6655d7c12c52ec	Plug-Ins/Additional Art/Monsters/soldier.jpg	Assets/Legacy/Recovered/DragonAlphaDMG/Carved/Images/carve_0125.jpg	64x64
3ff710ff39d85f3ee8894481b900fed4	Plug-Ins/Additional Art/Items/broadsward2.jpg	Assets/Legacy/Recovered/DragonAlphaDMG/Carved/HFSPartition/Images/carve_0023.jpg	64x64
3ff710ff39d85f3ee8894481b900fed4	Plug-Ins/Additional Art/Items/broadsward2.jpg	Assets/Legacy/Recovered/DragonAlphaDMG/Carved/Images/carve_0023.jpg	64x64
402c3d8144a36b7266d4ec0d1d3b241a	Plug-Ins/Additional Art/Items/silvercoin2.jpg	Assets/Legacy/Recovered/DragonAlphaDMG/Carved/HFSPartition/Images/carve_0072.jpg	64x64
402c3d8144a36b7266d4ec0d1d3b241a	Plug-Ins/Additional Art/Items/silvercoin2.jpg	Assets/Legacy/Recovered/DragonAlphaDMG/Carved/Images/carve_0072.jpg	64x64
478173fccf06028a2525c5d90186bba5	Plug-Ins/Additional Art/Monsters/herolegionary.jpg	Assets/Legacy/Recovered/DragonAlphaDMG/Carved/HFSPartition/Images/carve_0115.jpg	64x64
478173fccf06028a2525c5d90186bba5	Plug-Ins/Additional Art/Monsters/herolegionary.jpg	Assets/Legacy/Recovered/DragonAlphaDMG/Carved/Images/carve_0115.jpg	64x64
4be3fa2e76f9b211d1cff0965b83e1ac	Plug-Ins/Additional Art/Items/armourheavy.jpg	Assets/Legacy/Recovered/DragonAlphaDMG/Carved/HFSPartition/Images/carve_0013.jpg	64x64
4be3fa2e76f9b211d1cff0965b83e1ac	Plug-Ins/Additional Art/Items/armourheavy.jpg	Assets/Legacy/Recovered/DragonAlphaDMG/Carved/Images/carve_0013.jpg	64x64
4d984a5e2f0c2365273f9fc6475bcd82	Plug-Ins/Additional Art/Items/brownshirt.jpg	Assets/Legacy/Recovered/DragonAlphaDMG/Carved/HFSPartition/Images/carve_0028.jpg	64x64
4d984a5e2f0c2365273f9fc6475bcd82	Plug-Ins/Additional Art/Items/brownshirt.jpg	Assets/Legacy/Recovered/DragonAlphaDMG/Carved/Images/carve_0028.jpg	64x64
4f7e60ee13659e5ae8d5f323d926a7ca	Plug-Ins/Additional Art/Items/goldfatring.jpg	Assets/Legacy/Recovered/DragonAlphaDMG/Carved/HFSPartition/Images/carve_0042.jpg	64x64
4f7e60ee13659e5ae8d5f323d926a7ca	Plug-Ins/Additional Art/Items/goldfatring.jpg	Assets/Legacy/Recovered/DragonAlphaDMG/Carved/Images/carve_0042.jpg	64x64
4f97731dca259c4f64daff7813d1530b	Plug-Ins/Additional Art/Monsters/deathnew.jpg	Assets/Legacy/Recovered/DragonAlphaDMG/Carved/HFSPartition/Images/carve_0092.jpg	192x192
4f97731dca259c4f64daff7813d1530b	Plug-Ins/Additional Art/Monsters/deathnew.jpg	Assets/Legacy/Recovered/DragonAlphaDMG/Carved/Images/carve_0092.jpg	192x192
4fcea34430c3be9afb05ee85846a5745	Plug-Ins/Additional Art/Monsters/soldier5.jpg	Assets/Legacy/Recovered/DragonAlphaDMG/Carved/HFSPartition/Images/carve_0129.jpg	64x64
4fcea34430c3be9afb05ee85846a5745	Plug-Ins/Additional Art/Monsters/soldier5.jpg	Assets/Legacy/Recovered/DragonAlphaDMG/Carved/Images/carve_0129.jpg	64x64
503072b991e1994839d19cc8ca00e573	Plug-Ins/Power Plug/Images/BattleMode/redSelect.png	Assets/Legacy/Recovered/DragonAlphaDMG/Carved/HFSPartition/Images/carve_0018.png	64x64
503072b991e1994839d19cc8ca00e573	Plug-Ins/Power Plug/Images/BattleMode/redSelect.png	Assets/Legacy/Recovered/DragonAlphaDMG/Carved/Images/carve_0018.png	64x64
505aed1a861b641690e2784cc36dbbed	Plug-Ins/Power Plug/Images/StartMode/startModeUI.png	Assets/Legacy/Recovered/DragonAlphaDMG/Carved/HFSPartition/Images/carve_0034.png	800x600
505aed1a861b641690e2784cc36dbbed	Plug-Ins/Power Plug/Images/StartMode/startModeUI.png	Assets/Legacy/Recovered/DragonAlphaDMG/Carved/Images/carve_0034.png	800x600
506ff9e5839e33198fb538e779137f7d	Plug-Ins/Power Plug/Images/Core/notSelectButton.png	Assets/Legacy/Recovered/DragonAlphaDMG/Carved/HFSPartition/Images/carve_0028.png	22x22
506ff9e5839e33198fb538e779137f7d	Plug-Ins/Power Plug/Images/Core/notSelectButton.png	Assets/Legacy/Recovered/DragonAlphaDMG/Carved/Images/carve_0028.png	22x22
51fae8c71bb485d204df47a7237ab856	Plug-Ins/Additional Art/Items/axe3.jpg	Assets/Legacy/Recovered/DragonAlphaDMG/Carved/HFSPartition/Images/carve_0016.jpg	64x64
51fae8c71bb485d204df47a7237ab856	Plug-Ins/Additional Art/Items/axe3.jpg	Assets/Legacy/Recovered/DragonAlphaDMG/Carved/Images/carve_0016.jpg	64x64
529487c88042430e45225f01c9440863	Plug-Ins/Additional Art/Items/pantsgreycheap.jpg	Assets/Legacy/Recovered/DragonAlphaDMG/Carved/HFSPartition/Images/carve_0056.jpg	64x64
529487c88042430e45225f01c9440863	Plug-Ins/Additional Art/Items/pantsgreycheap.jpg	Assets/Legacy/Recovered/DragonAlphaDMG/Carved/Images/carve_0056.jpg	64x64
560442a824c9448ece067f025bdc6be1	Plug-Ins/Power Plug/Images/Core/loadingBar2.png	Assets/Legacy/Recovered/DragonAlphaDMG/Carved/HFSPartition/Images/carve_0025.png	328x80
560442a824c9448ece067f025bdc6be1	Plug-Ins/Power Plug/Images/Core/loadingBar2.png	Assets/Legacy/Recovered/DragonAlphaDMG/Carved/Images/carve_0025.png	328x80
56408882947befe557874ffcb3754a14	Plug-Ins/Additional Art/Items/brownboots.jpg	Assets/Legacy/Recovered/DragonAlphaDMG/Carved/HFSPartition/Images/carve_0026.jpg	64x64
56408882947befe557874ffcb3754a14	Plug-Ins/Additional Art/Items/brownboots.jpg	Assets/Legacy/Recovered/DragonAlphaDMG/Carved/Images/carve_0026.jpg	64x64
568353a7224bf06082d32dd54470cef9	Plug-Ins/Additional Art/Items/bottlepotionempty.jpg	Assets/Legacy/Recovered/DragonAlphaDMG/Carved/HFSPartition/Images/carve_0021.jpg	64x64
568353a7224bf06082d32dd54470cef9	Plug-Ins/Additional Art/Items/bottlepotionempty.jpg	Assets/Legacy/Recovered/DragonAlphaDMG/Carved/Images/carve_0021.jpg	64x64
5b1c771c772c9aee49ac731be389e00f	Plug-Ins/Additional Art/Items/greylongshield.jpg	Assets/Legacy/Recovered/DragonAlphaDMG/Carved/HFSPartition/Images/carve_0044.jpg	64x64
5b1c771c772c9aee49ac731be389e00f	Plug-Ins/Additional Art/Items/greylongshield.jpg	Assets/Legacy/Recovered/DragonAlphaDMG/Carved/Images/carve_0044.jpg	64x64
5b3186462135b96821eaaf50aafea343	Plug-Ins/Additional Art/Items/broudsard.jpg	Assets/Legacy/Recovered/DragonAlphaDMG/Carved/HFSPartition/Images/carve_0025.jpg	64x64
5b3186462135b96821eaaf50aafea343	Plug-Ins/Additional Art/Items/broudsard.jpg	Assets/Legacy/Recovered/DragonAlphaDMG/Carved/Images/carve_0025.jpg	64x64
5bf477ac717dfebd73ad7213f77b7268	Plug-Ins/Additional Art/Items/chestopen.jpg	Assets/Legacy/Recovered/DragonAlphaDMG/Carved/HFSPartition/Images/carve_0032.jpg	64x64
5bf477ac717dfebd73ad7213f77b7268	Plug-Ins/Additional Art/Items/chestopen.jpg	Assets/Legacy/Recovered/DragonAlphaDMG/Carved/Images/carve_0032.jpg	64x64
5c5767e6b4879d8b5e987db3fecce77a	Plug-Ins/Power Plug/Images/MapMode/mapHelp.png	Assets/Legacy/Recovered/DragonAlphaDMG/Carved/HFSPartition/Images/carve_0030.png	672x512
5c5767e6b4879d8b5e987db3fecce77a	Plug-Ins/Power Plug/Images/MapMode/mapHelp.png	Assets/Legacy/Recovered/DragonAlphaDMG/Carved/Images/carve_0030.png	672x512
5de1ceb49397a027eafb0a9bc519b179	Plug-Ins/Additional Art/Monsters/goblinassasin.jpg	Assets/Legacy/Recovered/DragonAlphaDMG/Carved/HFSPartition/Images/carve_0101.jpg	64x64
5de1ceb49397a027eafb0a9bc519b179	Plug-Ins/Additional Art/Monsters/goblinassasin.jpg	Assets/Legacy/Recovered/DragonAlphaDMG/Carved/Images/carve_0101.jpg	64x64
5dfaf1ac150ea48e4cac7029d5752bee	Plug-Ins/Power Plug/Images/MapMode/mapModeUIOverlay1.png	Assets/Legacy/Recovered/DragonAlphaDMG/Carved/HFSPartition/Images/carve_0032.png	32x512
5dfaf1ac150ea48e4cac7029d5752bee	Plug-Ins/Power Plug/Images/MapMode/mapModeUIOverlay1.png	Assets/Legacy/Recovered/DragonAlphaDMG/Carved/Images/carve_0032.png	32x512
60158e9482d126daaf2c3bab6e65a1a0	Plug-Ins/Additional Art/Items/pantsgreen.jpg	Assets/Legacy/Recovered/DragonAlphaDMG/Carved/HFSPartition/Images/carve_0055.jpg	64x64
60158e9482d126daaf2c3bab6e65a1a0	Plug-Ins/Additional Art/Items/pantsgreen.jpg	Assets/Legacy/Recovered/DragonAlphaDMG/Carved/Images/carve_0055.jpg	64x64
614e7db4ae0b62e31ba26354f42a8e48	Plug-Ins/Power Plug/Images/BattleMode/healHit.png	Assets/Legacy/Recovered/DragonAlphaDMG/Carved/HFSPartition/Images/carve_0013.png	384x64
614e7db4ae0b62e31ba26354f42a8e48	Plug-Ins/Power Plug/Images/BattleMode/healHit.png	Assets/Legacy/Recovered/DragonAlphaDMG/Carved/Images/carve_0013.png	384x64
641a1ef743ae40b1e23f4bcb898114df	Plug-Ins/Additional Art/Items/sabre2.jpg	Assets/Legacy/Recovered/DragonAlphaDMG/Carved/HFSPartition/Images/carve_0066.jpg	64x64
641a1ef743ae40b1e23f4bcb898114df	Plug-Ins/Additional Art/Items/sabre2.jpg	Assets/Legacy/Recovered/DragonAlphaDMG/Carved/Images/carve_0066.jpg	64x64
650b03c3447f066052b93b285788b2e9	Plug-Ins/Additional Art/Items/bluerubbysilverring.jpg	Assets/Legacy/Recovered/DragonAlphaDMG/Carved/HFSPartition/Images/carve_0018.jpg	64x64
650b03c3447f066052b93b285788b2e9	Plug-Ins/Additional Art/Items/bluerubbysilverring.jpg	Assets/Legacy/Recovered/DragonAlphaDMG/Carved/Images/carve_0018.jpg	64x64
6526796589fe08b0d2956bfc8317a208	Plug-Ins/Power Plug/Images/BattleMode/lightCast.png	Assets/Legacy/Recovered/DragonAlphaDMG/Carved/HFSPartition/Images/carve_0014.png	64x64
6526796589fe08b0d2956bfc8317a208	Plug-Ins/Power Plug/Images/BattleMode/lightCast.png	Assets/Legacy/Recovered/DragonAlphaDMG/Carved/Images/carve_0014.png	64x64
6a7710ac8b64c454dc00301a892a4a4b	Plug-Ins/Power Plug/Images/BattleMode/noneCast.png	Assets/Legacy/Recovered/DragonAlphaDMG/Carved/HFSPartition/Images/carve_0016.png	64x64
6a7710ac8b64c454dc00301a892a4a4b	Plug-Ins/Power Plug/Images/BattleMode/noneCast.png	Assets/Legacy/Recovered/DragonAlphaDMG/Carved/Images/carve_0016.png	64x64
6ccf5f4eb98b3f87bae4816f7b826831	Plug-Ins/Power Plug/Images/BattleMode/airHit.png	Assets/Legacy/Recovered/DragonAlphaDMG/Carved/HFSPartition/Images/carve_0002.png	64x64
6ccf5f4eb98b3f87bae4816f7b826831	Plug-Ins/Power Plug/Images/BattleMode/airHit.png	Assets/Legacy/Recovered/DragonAlphaDMG/Carved/Images/carve_0002.png	64x64
7091f9cda5124b62e4b37b73036a344c	Plug-Ins/Additional Art/Items/leathergloves.jpg	Assets/Legacy/Recovered/DragonAlphaDMG/Carved/HFSPartition/Images/carve_0046.jpg	64x64
7091f9cda5124b62e4b37b73036a344c	Plug-Ins/Additional Art/Items/leathergloves.jpg	Assets/Legacy/Recovered/DragonAlphaDMG/Carved/Images/carve_0046.jpg	64x64
719ee16d025db5e856f3b65f12a826e9	Plug-Ins/Additional Art/Items/axe2.jpg	Assets/Legacy/Recovered/DragonAlphaDMG/Carved/HFSPartition/Images/carve_0015.jpg	64x64
719ee16d025db5e856f3b65f12a826e9	Plug-Ins/Additional Art/Items/axe2.jpg	Assets/Legacy/Recovered/DragonAlphaDMG/Carved/Images/carve_0015.jpg	64x64
71c3b2c5671f896e997fd1cc8ff3d216	Plug-Ins/Additional Art/Items/dragontalon.jpg	Assets/Legacy/Recovered/DragonAlphaDMG/Carved/HFSPartition/Images/carve_0038.jpg	64x64
71c3b2c5671f896e997fd1cc8ff3d216	Plug-Ins/Additional Art/Items/dragontalon.jpg	Assets/Legacy/Recovered/DragonAlphaDMG/Carved/Images/carve_0038.jpg	64x64
71fc428bfa83b10fccfca3310968b300	Plug-Ins/Additional Art/Items/axe.jpg	Assets/Legacy/Recovered/DragonAlphaDMG/Carved/HFSPartition/Images/carve_0014.jpg	64x64
71fc428bfa83b10fccfca3310968b300	Plug-Ins/Additional Art/Items/axe.jpg	Assets/Legacy/Recovered/DragonAlphaDMG/Carved/Images/carve_0014.jpg	64x64
79654b66c1a2d84fa35ac3bd3ec0c78c	Plug-Ins/Additional Art/Items/shield4.jpg	Assets/Legacy/Recovered/DragonAlphaDMG/Carved/HFSPartition/Images/carve_0070.jpg	64x64
79654b66c1a2d84fa35ac3bd3ec0c78c	Plug-Ins/Additional Art/Items/shield4.jpg	Assets/Legacy/Recovered/DragonAlphaDMG/Carved/Images/carve_0070.jpg	64x64
7aa140214a7f37b84ac8babf96ce9b08	Plug-Ins/Additional Art/Monsters/goblinwarrior3.jpg	Assets/Legacy/Recovered/DragonAlphaDMG/Carved/HFSPartition/Images/carve_0109.jpg	64x64
7aa140214a7f37b84ac8babf96ce9b08	Plug-Ins/Additional Art/Monsters/goblinwarrior3.jpg	Assets/Legacy/Recovered/DragonAlphaDMG/Carved/Images/carve_0109.jpg	64x64
7ad149c07c3f76ed682033ca85cfc4a7	Plug-Ins/Additional Art/Monsters/goblinwizard2.jpg	Assets/Legacy/Recovered/DragonAlphaDMG/Carved/HFSPartition/Images/carve_0110.jpg	64x64
7ad149c07c3f76ed682033ca85cfc4a7	Plug-Ins/Additional Art/Monsters/goblinwizard2.jpg	Assets/Legacy/Recovered/DragonAlphaDMG/Carved/Images/carve_0110.jpg	64x64
7e04cc7056099658986de49d2de92f39	Plug-Ins/Power Plug/Images/BattleMode/yellowSelect.png	Assets/Legacy/Recovered/DragonAlphaDMG/Carved/HFSPartition/Images/carve_0022.png	64x64
7e04cc7056099658986de49d2de92f39	Plug-Ins/Power Plug/Images/BattleMode/yellowSelect.png	Assets/Legacy/Recovered/DragonAlphaDMG/Carved/Images/carve_0022.png	64x64
7fc1f7942c3e702b956f52096e603e19	Plug-Ins/Additional Art/Monsters/wierddemon.jpg	Assets/Legacy/Recovered/DragonAlphaDMG/Carved/HFSPartition/Images/carve_0133.jpg	128x128
7fc1f7942c3e702b956f52096e603e19	Plug-Ins/Additional Art/Monsters/wierddemon.jpg	Assets/Legacy/Recovered/DragonAlphaDMG/Carved/Images/carve_0133.jpg	128x128
800ac2a6c26e7a6ff951eddd49a59f03	Plug-Ins/Additional Art/Monsters/goblinmarauder.jpg	Assets/Legacy/Recovered/DragonAlphaDMG/Carved/HFSPartition/Images/carve_0105.jpg	64x64
800ac2a6c26e7a6ff951eddd49a59f03	Plug-Ins/Additional Art/Monsters/goblinmarauder.jpg	Assets/Legacy/Recovered/DragonAlphaDMG/Carved/Images/carve_0105.jpg	64x64
81bc50e8e36e97c42c673cf83d12c493	Plug-Ins/Power Plug/Images/BattleMode/waterCast.png	Assets/Legacy/Recovered/DragonAlphaDMG/Carved/HFSPartition/Images/carve_0020.png	64x64
81bc50e8e36e97c42c673cf83d12c493	Plug-Ins/Power Plug/Images/BattleMode/waterCast.png	Assets/Legacy/Recovered/DragonAlphaDMG/Carved/Images/carve_0020.png	64x64
81eeec3ff1ac50d43eee601fdf86bcc0	Plug-Ins/Additional Art/Items/bookblue.jpg	Assets/Legacy/Recovered/DragonAlphaDMG/Carved/HFSPartition/Images/carve_0019.jpg	64x64
81eeec3ff1ac50d43eee601fdf86bcc0	Plug-Ins/Additional Art/Items/bookblue.jpg	Assets/Legacy/Recovered/DragonAlphaDMG/Carved/Images/carve_0019.jpg	64x64
8762a67aa1096683ce5134268d977d71	Plug-Ins/Power Plug/Images/BattleMode/spellName.png	Assets/Legacy/Recovered/DragonAlphaDMG/Carved/HFSPartition/Images/carve_0019.png	192x24
8762a67aa1096683ce5134268d977d71	Plug-Ins/Power Plug/Images/BattleMode/spellName.png	Assets/Legacy/Recovered/DragonAlphaDMG/Carved/Images/carve_0019.png	192x24
8df9867120abda0c84f9499d3e4c007c	Plug-Ins/Additional Art/Monsters/soldiercrossbow2.jpg	Assets/Legacy/Recovered/DragonAlphaDMG/Carved/HFSPartition/Images/carve_0131.jpg	64x64
8df9867120abda0c84f9499d3e4c007c	Plug-Ins/Additional Art/Monsters/soldiercrossbow2.jpg	Assets/Legacy/Recovered/DragonAlphaDMG/Carved/Images/carve_0131.jpg	64x64
8e6a635f70c3a6d4ef371076558ea68f	Plug-Ins/Additional Art/Monsters/herohighlander.jpg	Assets/Legacy/Recovered/DragonAlphaDMG/Carved/HFSPartition/Images/carve_0114.jpg	64x64
8e6a635f70c3a6d4ef371076558ea68f	Plug-Ins/Additional Art/Monsters/herohighlander.jpg	Assets/Legacy/Recovered/DragonAlphaDMG/Carved/Images/carve_0114.jpg	64x64
9046b76f812a65e77d9d3d04edb88ca9	Plug-Ins/Additional Art/Items/flail.jpg	Assets/Legacy/Recovered/DragonAlphaDMG/Carved/HFSPartition/Images/carve_0041.jpg	64x64
9046b76f812a65e77d9d3d04edb88ca9	Plug-Ins/Additional Art/Items/flail.jpg	Assets/Legacy/Recovered/DragonAlphaDMG/Carved/Images/carve_0041.jpg	64x64
91347d05ad80891ff40d905f004d442f	Plug-Ins/Additional Art/Items/coin1.jpg	Assets/Legacy/Recovered/DragonAlphaDMG/Carved/HFSPartition/Images/carve_0035.jpg	64x64
91347d05ad80891ff40d905f004d442f	Plug-Ins/Additional Art/Items/coin1.jpg	Assets/Legacy/Recovered/DragonAlphaDMG/Carved/Images/carve_0035.jpg	64x64
936762ae92e815ea1cd7f4d7b3460c44	Plug-Ins/Additional Art/Items/spearwooden.jpg	Assets/Legacy/Recovered/DragonAlphaDMG/Carved/HFSPartition/Images/carve_0079.jpg	64x64
936762ae92e815ea1cd7f4d7b3460c44	Plug-Ins/Additional Art/Items/spearwooden.jpg	Assets/Legacy/Recovered/DragonAlphaDMG/Carved/Images/carve_0079.jpg	64x64
965945651afe6c9416b152c6156ed21d	Plug-Ins/Additional Art/Items/skullcapwmail.jpg	Assets/Legacy/Recovered/DragonAlphaDMG/Carved/HFSPartition/Images/carve_0076.jpg	64x64
965945651afe6c9416b152c6156ed21d	Plug-Ins/Additional Art/Items/skullcapwmail.jpg	Assets/Legacy/Recovered/DragonAlphaDMG/Carved/Images/carve_0076.jpg	64x64
97d95d872c9faa42dcd15a93e37a6eba	Plug-Ins/Additional Art/Items/shield.jpg	Assets/Legacy/Recovered/DragonAlphaDMG/Carved/HFSPartition/Images/carve_0067.jpg	64x64
97d95d872c9faa42dcd15a93e37a6eba	Plug-Ins/Additional Art/Items/shield.jpg	Assets/Legacy/Recovered/DragonAlphaDMG/Carved/Images/carve_0067.jpg	64x64
97faed0b3de04e0d4ca99cb0c058199f	Plug-Ins/Additional Art/Items/firesward.jpg	Assets/Legacy/Recovered/DragonAlphaDMG/Carved/HFSPartition/Images/carve_0040.jpg	64x64
97faed0b3de04e0d4ca99cb0c058199f	Plug-Ins/Additional Art/Items/firesward.jpg	Assets/Legacy/Recovered/DragonAlphaDMG/Carved/Images/carve_0040.jpg	64x64
98be44cb1637b3a57e5545b9a67a03be	Plug-Ins/Additional Art/Items/club.jpg	Assets/Legacy/Recovered/DragonAlphaDMG/Carved/HFSPartition/Images/carve_0034.jpg	64x64
98be44cb1637b3a57e5545b9a67a03be	Plug-Ins/Additional Art/Items/club.jpg	Assets/Legacy/Recovered/DragonAlphaDMG/Carved/Images/carve_0034.jpg	64x64
9a38de533f0ef616cc1ccc3f0b06ef3a	Plug-Ins/Power Plug/Images/Core/loadingBar1.png	Assets/Legacy/Recovered/DragonAlphaDMG/Carved/HFSPartition/Images/carve_0024.png	328x80
9a38de533f0ef616cc1ccc3f0b06ef3a	Plug-Ins/Power Plug/Images/Core/loadingBar1.png	Assets/Legacy/Recovered/DragonAlphaDMG/Carved/Images/carve_0024.png	328x80
a1bcce277748d5b0131d1a60b9d67bbc	Plug-Ins/Additional Art/Monsters/energydemon.jpg	Assets/Legacy/Recovered/DragonAlphaDMG/Carved/HFSPartition/Images/carve_0098.jpg	64x64
a1bcce277748d5b0131d1a60b9d67bbc	Plug-Ins/Additional Art/Monsters/energydemon.jpg	Assets/Legacy/Recovered/DragonAlphaDMG/Carved/Images/carve_0098.jpg	64x64
a32b0e4a68ce31a294e374e90f2ac5db	Plug-Ins/Additional Art/Items/roundshield.jpg	Assets/Legacy/Recovered/DragonAlphaDMG/Carved/HFSPartition/Images/carve_0064.jpg	64x64
a32b0e4a68ce31a294e374e90f2ac5db	Plug-Ins/Additional Art/Items/roundshield.jpg	Assets/Legacy/Recovered/DragonAlphaDMG/Carved/Images/carve_0064.jpg	64x64
a38e98d02bed4fa7c38106b12ef37816	Plug-Ins/Power Plug/Images/BattleMode/fireCast.png	Assets/Legacy/Recovered/DragonAlphaDMG/Carved/HFSPartition/Images/carve_0008.png	64x64
a38e98d02bed4fa7c38106b12ef37816	Plug-Ins/Power Plug/Images/BattleMode/fireCast.png	Assets/Legacy/Recovered/DragonAlphaDMG/Carved/Images/carve_0008.png	64x64
a3ba7b9b5aed1fe381546d72a0a7a2e1	Plug-Ins/Additional Art/Monsters/dead-lostsoul.jpg	Assets/Legacy/Recovered/DragonAlphaDMG/Carved/HFSPartition/Images/carve_0090.jpg	64x64
a3ba7b9b5aed1fe381546d72a0a7a2e1	Plug-Ins/Additional Art/Monsters/dead-lostsoul.jpg	Assets/Legacy/Recovered/DragonAlphaDMG/Carved/Images/carve_0090.jpg	64x64
a4e85238767fc6f7265ad95406343e6f	Plug-Ins/Additional Art/Items/bronzekey.jpg	Assets/Legacy/Recovered/DragonAlphaDMG/Carved/HFSPartition/Images/carve_0024.jpg	64x64
a4e85238767fc6f7265ad95406343e6f	Plug-Ins/Additional Art/Items/bronzekey.jpg	Assets/Legacy/Recovered/DragonAlphaDMG/Carved/Images/carve_0024.jpg	64x64
a71ef1a1aaff8529e55603782505378d	Plug-Ins/Additional Art/Monsters/goblinnew2.jpg	Assets/Legacy/Recovered/DragonAlphaDMG/Carved/HFSPartition/Images/carve_0107.jpg	64x64
a71ef1a1aaff8529e55603782505378d	Plug-Ins/Additional Art/Monsters/goblinnew2.jpg	Assets/Legacy/Recovered/DragonAlphaDMG/Carved/Images/carve_0107.jpg	64x64
a8f1b8fea14f8725a8c36d40f98031ba	Plug-Ins/Additional Art/Monsters/fireelemental.jpg	Assets/Legacy/Recovered/DragonAlphaDMG/Carved/HFSPartition/Images/carve_0099.jpg	128x128
a8f1b8fea14f8725a8c36d40f98031ba	Plug-Ins/Additional Art/Monsters/fireelemental.jpg	Assets/Legacy/Recovered/DragonAlphaDMG/Carved/Images/carve_0099.jpg	128x128
a916b0e889ad0af3c5cb5c0fd8768f1b	Plug-Ins/Additional Art/Items/pantsdarkblue.jpg	Assets/Legacy/Recovered/DragonAlphaDMG/Carved/HFSPartition/Images/carve_0054.jpg	64x64
a916b0e889ad0af3c5cb5c0fd8768f1b	Plug-Ins/Additional Art/Items/pantsdarkblue.jpg	Assets/Legacy/Recovered/DragonAlphaDMG/Carved/Images/carve_0054.jpg	64x64
acd764acc0704062663b15c55d697060	Plug-Ins/Additional Art/Monsters/soldier3.jpg	Assets/Legacy/Recovered/DragonAlphaDMG/Carved/HFSPartition/Images/carve_0127.jpg	64x64
acd764acc0704062663b15c55d697060	Plug-Ins/Additional Art/Monsters/soldier3.jpg	Assets/Legacy/Recovered/DragonAlphaDMG/Carved/Images/carve_0127.jpg	64x64
b002cdb51dba40d3222e7282d8f37cd3	Plug-Ins/Additional Art/Items/skullcap.jpg	Assets/Legacy/Recovered/DragonAlphaDMG/Carved/HFSPartition/Images/carve_0074.jpg	64x64
b002cdb51dba40d3222e7282d8f37cd3	Plug-Ins/Additional Art/Items/skullcap.jpg	Assets/Legacy/Recovered/DragonAlphaDMG/Carved/Images/carve_0074.jpg	64x64
b136c60a3b34bb4596ca915f2e737df7	Plug-Ins/Additional Art/Monsters/goblinlord2.jpg	Assets/Legacy/Recovered/DragonAlphaDMG/Carved/HFSPartition/Images/carve_0104.jpg	64x64
b136c60a3b34bb4596ca915f2e737df7	Plug-Ins/Additional Art/Monsters/goblinlord2.jpg	Assets/Legacy/Recovered/DragonAlphaDMG/Carved/Images/carve_0104.jpg	64x64
b3ab8dcfc4acfb2de876a7756c69488f	Plug-Ins/Additional Art/Items/breastplatewpade.jpg	Assets/Legacy/Recovered/DragonAlphaDMG/Carved/HFSPartition/Images/carve_0022.jpg	64x64
b3ab8dcfc4acfb2de876a7756c69488f	Plug-Ins/Additional Art/Items/breastplatewpade.jpg	Assets/Legacy/Recovered/DragonAlphaDMG/Carved/Images/carve_0022.jpg	64x64
b3f85b8282a6f21d1807068425d3f111	Plug-Ins/Additional Art/Items/tribalnecklace.jpg	Assets/Legacy/Recovered/DragonAlphaDMG/Carved/HFSPartition/Images/carve_0082.jpg	64x64
b3f85b8282a6f21d1807068425d3f111	Plug-Ins/Additional Art/Items/tribalnecklace.jpg	Assets/Legacy/Recovered/DragonAlphaDMG/Carved/Images/carve_0082.jpg	64x64
b4bc958c4ddaef0ac0a1c9e448481161	Plug-Ins/Power Plug/Images/Core/loadingBar3.png	Assets/Legacy/Recovered/DragonAlphaDMG/Carved/HFSPartition/Images/carve_0026.png	328x80
b4bc958c4ddaef0ac0a1c9e448481161	Plug-Ins/Power Plug/Images/Core/loadingBar3.png	Assets/Legacy/Recovered/DragonAlphaDMG/Carved/Images/carve_0026.png	328x80
b627421a5123d695e33ca02e28025aff	Plug-Ins/Power Plug/Images/Core/dracosoft.png	Assets/Legacy/Recovered/DragonAlphaDMG/Carved/HFSPartition/Images/carve_0023.png	800x600
b627421a5123d695e33ca02e28025aff	Plug-Ins/Power Plug/Images/Core/dracosoft.png	Assets/Legacy/Recovered/DragonAlphaDMG/Carved/Images/carve_0023.png	800x600
b907f684b5a6a0238ebaf46c9c29fa46	Plug-Ins/Additional Art/Monsters/goblinwolfrider1.jpg	Assets/Legacy/Recovered/DragonAlphaDMG/Carved/HFSPartition/Images/carve_0111.jpg	128x128
b907f684b5a6a0238ebaf46c9c29fa46	Plug-Ins/Additional Art/Monsters/goblinwolfrider1.jpg	Assets/Legacy/Recovered/DragonAlphaDMG/Carved/Images/carve_0111.jpg	128x128
bacde51bda79fd9e4f0f67991860050f	Plug-Ins/Additional Art/Monsters/slimegreen3.jpg	Assets/Legacy/Recovered/DragonAlphaDMG/Carved/HFSPartition/Images/carve_0124.jpg	64x64
bacde51bda79fd9e4f0f67991860050f	Plug-Ins/Additional Art/Monsters/slimegreen3.jpg	Assets/Legacy/Recovered/DragonAlphaDMG/Carved/Images/carve_0124.jpg	64x64
bbf25f4dd34f933492ce3bafc070150a	Plug-Ins/Additional Art/Items/spearmetalT.jpg	Assets/Legacy/Recovered/DragonAlphaDMG/Carved/HFSPartition/Images/carve_0078.jpg	64x64
bbf25f4dd34f933492ce3bafc070150a	Plug-Ins/Additional Art/Items/spearmetalT.jpg	Assets/Legacy/Recovered/DragonAlphaDMG/Carved/Images/carve_0078.jpg	64x64
be246686740ca86af2efcb5c0548fabd	Plug-Ins/Additional Art/Monsters/bluedragon.jpg	Assets/Legacy/Recovered/DragonAlphaDMG/Carved/HFSPartition/Images/carve_0087.jpg	64x64
be246686740ca86af2efcb5c0548fabd	Plug-Ins/Additional Art/Monsters/bluedragon.jpg	Assets/Legacy/Recovered/DragonAlphaDMG/Carved/Images/carve_0087.jpg	64x64
be7f2570d0515a6387eb6e99144570e0	Plug-Ins/Additional Art/Items/coin2.jpg	Assets/Legacy/Recovered/DragonAlphaDMG/Carved/HFSPartition/Images/carve_0036.jpg	64x64
be7f2570d0515a6387eb6e99144570e0	Plug-Ins/Additional Art/Items/coin2.jpg	Assets/Legacy/Recovered/DragonAlphaDMG/Carved/Images/carve_0036.jpg	64x64
bfbd9a351bd26f0276b4827c7bee51fa	Plug-Ins/Additional Art/Items/beastsummon.jpg	Assets/Legacy/Recovered/DragonAlphaDMG/Carved/HFSPartition/Images/carve_0017.jpg	64x64
bfbd9a351bd26f0276b4827c7bee51fa	Plug-Ins/Additional Art/Items/beastsummon.jpg	Assets/Legacy/Recovered/DragonAlphaDMG/Carved/Images/carve_0017.jpg	64x64
bfcf3518bcd75c679ac3afb129802d16	Plug-Ins/Additional Art/Items/torch.jpg	Assets/Legacy/Recovered/DragonAlphaDMG/Carved/HFSPartition/Images/carve_0080.jpg	64x64
bfcf3518bcd75c679ac3afb129802d16	Plug-Ins/Additional Art/Items/torch.jpg	Assets/Legacy/Recovered/DragonAlphaDMG/Carved/Images/carve_0080.jpg	64x64
c17959edc1107457af41b5fba2c24809	Plug-Ins/Additional Art/Items/skullcapdark.jpg	Assets/Legacy/Recovered/DragonAlphaDMG/Carved/HFSPartition/Images/carve_0075.jpg	64x64
c17959edc1107457af41b5fba2c24809	Plug-Ins/Additional Art/Items/skullcapdark.jpg	Assets/Legacy/Recovered/DragonAlphaDMG/Carved/Images/carve_0075.jpg	64x64
c25448c48d1a849f3c0a72a400ace8bb	Plug-Ins/Additional Art/Items/bottlepotionblue.jpg	Assets/Legacy/Recovered/DragonAlphaDMG/Carved/HFSPartition/Images/carve_0020.jpg	64x64
c25448c48d1a849f3c0a72a400ace8bb	Plug-Ins/Additional Art/Items/bottlepotionblue.jpg	Assets/Legacy/Recovered/DragonAlphaDMG/Carved/Images/carve_0020.jpg	64x64
c35c3abab9bfefbf6980907fda0d8b3a	Plug-Ins/Power Plug/Images/MapMode/mapModeUIOverlay2.png	Assets/Legacy/Recovered/DragonAlphaDMG/Carved/HFSPartition/Images/carve_0033.png	640x16
c35c3abab9bfefbf6980907fda0d8b3a	Plug-Ins/Power Plug/Images/MapMode/mapModeUIOverlay2.png	Assets/Legacy/Recovered/DragonAlphaDMG/Carved/Images/carve_0033.png	640x16
c73a466f99e13cfae8e0fce1388495d5	Plug-Ins/Additional Art/Items/warhammer2.jpg	Assets/Legacy/Recovered/DragonAlphaDMG/Carved/HFSPartition/Images/carve_0084.jpg	64x64
c73a466f99e13cfae8e0fce1388495d5	Plug-Ins/Additional Art/Items/warhammer2.jpg	Assets/Legacy/Recovered/DragonAlphaDMG/Carved/Images/carve_0084.jpg	64x64
c781de80802d2c7318162fbbccc52d93	Plug-Ins/Additional Art/Monsters/sorcerer.jpg	Assets/Legacy/Recovered/DragonAlphaDMG/Carved/HFSPartition/Images/carve_0132.jpg	64x64
c781de80802d2c7318162fbbccc52d93	Plug-Ins/Additional Art/Monsters/sorcerer.jpg	Assets/Legacy/Recovered/DragonAlphaDMG/Carved/Images/carve_0132.jpg	64x64
c93fe5c03fb4e55654692fa42173cfaf	Plug-Ins/Power Plug/Images/BattleMode/lightHit.png	Assets/Legacy/Recovered/DragonAlphaDMG/Carved/HFSPartition/Images/carve_0015.png	64x64
c93fe5c03fb4e55654692fa42173cfaf	Plug-Ins/Power Plug/Images/BattleMode/lightHit.png	Assets/Legacy/Recovered/DragonAlphaDMG/Carved/Images/carve_0015.png	64x64
ca81c9d3a24eaed8e119596dbaa06dff	Plug-Ins/Additional Art/Monsters/dead-lostsoul2.jpg	Assets/Legacy/Recovered/DragonAlphaDMG/Carved/HFSPartition/Images/carve_0091.jpg	64x64
ca81c9d3a24eaed8e119596dbaa06dff	Plug-Ins/Additional Art/Monsters/dead-lostsoul2.jpg	Assets/Legacy/Recovered/DragonAlphaDMG/Carved/Images/carve_0091.jpg	64x64
cbc69a588e25a142de0ce9e9f4cedfd5	Plug-Ins/Additional Art/Items/plainsward.jpg	Assets/Legacy/Recovered/DragonAlphaDMG/Carved/HFSPartition/Images/carve_0057.jpg	64x64
cbc69a588e25a142de0ce9e9f4cedfd5	Plug-Ins/Additional Art/Items/plainsward.jpg	Assets/Legacy/Recovered/DragonAlphaDMG/Carved/Images/carve_0057.jpg	64x64
cdb456cd58d071f3081b42221d028978	Plug-Ins/Power Plug/Images/BattleMode/darkHit.png	Assets/Legacy/Recovered/DragonAlphaDMG/Carved/HFSPartition/Images/carve_0005.png	64x64
cdb456cd58d071f3081b42221d028978	Plug-Ins/Power Plug/Images/BattleMode/darkHit.png	Assets/Legacy/Recovered/DragonAlphaDMG/Carved/Images/carve_0005.png	64x64
cee5a309b711b87e0c65dafffe0ba19f	Plug-Ins/Additional Art/Items/shoesbrownornout.jpg	Assets/Legacy/Recovered/DragonAlphaDMG/Carved/HFSPartition/Images/carve_0071.jpg	64x64
cee5a309b711b87e0c65dafffe0ba19f	Plug-Ins/Additional Art/Items/shoesbrownornout.jpg	Assets/Legacy/Recovered/DragonAlphaDMG/Carved/Images/carve_0071.jpg	64x64
d1da71cca91c1f7ebc6ec7ac0d6b575e	Plug-Ins/Additional Art/Monsters/orangedemon.jpg	Assets/Legacy/Recovered/DragonAlphaDMG/Carved/HFSPartition/Images/carve_0117.jpg	64x64
d1da71cca91c1f7ebc6ec7ac0d6b575e	Plug-Ins/Additional Art/Monsters/orangedemon.jpg	Assets/Legacy/Recovered/DragonAlphaDMG/Carved/Images/carve_0117.jpg	64x64
d3b04aa19fd1d44dd51d348b5442bc8d	Plug-Ins/Additional Art/Items/lightningcard.jpg	Assets/Legacy/Recovered/DragonAlphaDMG/Carved/HFSPartition/Images/carve_0048.jpg	64x64
d3b04aa19fd1d44dd51d348b5442bc8d	Plug-Ins/Additional Art/Items/lightningcard.jpg	Assets/Legacy/Recovered/DragonAlphaDMG/Carved/Images/carve_0048.jpg	64x64
d46dc5866fa244722d12cc12d4b3f0f0	Plug-Ins/Additional Art/Monsters/slimegreen.jpg	Assets/Legacy/Recovered/DragonAlphaDMG/Carved/HFSPartition/Images/carve_0122.jpg	64x64
d46dc5866fa244722d12cc12d4b3f0f0	Plug-Ins/Additional Art/Monsters/slimegreen.jpg	Assets/Legacy/Recovered/DragonAlphaDMG/Carved/Images/carve_0122.jpg	64x64
dbb9d13a2e76febef8b6e0accf387619	Plug-Ins/Additional Art/Monsters/reddemon.jpg	Assets/Legacy/Recovered/DragonAlphaDMG/Carved/HFSPartition/Images/carve_0120.jpg	64x64
dbb9d13a2e76febef8b6e0accf387619	Plug-Ins/Additional Art/Monsters/reddemon.jpg	Assets/Legacy/Recovered/DragonAlphaDMG/Carved/Images/carve_0120.jpg	64x64
dec6ba9940f362701265dc8d23b8f8fb	Plug-Ins/Additional Art/Monsters/earthelemental.jpg	Assets/Legacy/Recovered/DragonAlphaDMG/Carved/HFSPartition/Images/carve_0097.jpg	128x128
dec6ba9940f362701265dc8d23b8f8fb	Plug-Ins/Additional Art/Monsters/earthelemental.jpg	Assets/Legacy/Recovered/DragonAlphaDMG/Carved/Images/carve_0097.jpg	128x128
e242dcd453c92ce65103936cfb84258c	Plug-Ins/Power Plug/Images/BattleMode/airCast.png	Assets/Legacy/Recovered/DragonAlphaDMG/Carved/HFSPartition/Images/carve_0001.png	64x64
e242dcd453c92ce65103936cfb84258c	Plug-Ins/Power Plug/Images/BattleMode/airCast.png	Assets/Legacy/Recovered/DragonAlphaDMG/Carved/Images/carve_0001.png	64x64
e39ac8386b25c64d9d8271d930b14e80	Plug-Ins/Additional Art/Monsters/reddragon.jpg	Assets/Legacy/Recovered/DragonAlphaDMG/Carved/HFSPartition/Images/carve_0121.jpg	128x128
e39ac8386b25c64d9d8271d930b14e80	Plug-Ins/Additional Art/Monsters/reddragon.jpg	Assets/Legacy/Recovered/DragonAlphaDMG/Carved/Images/carve_0121.jpg	128x128
e42c7868f29b5afbc45225e92cf1c4a7	Plug-Ins/Power Plug/Images/BattleMode/greenSelect.png	Assets/Legacy/Recovered/DragonAlphaDMG/Carved/HFSPartition/Images/carve_0012.png	64x64
e42c7868f29b5afbc45225e92cf1c4a7	Plug-Ins/Power Plug/Images/BattleMode/greenSelect.png	Assets/Legacy/Recovered/DragonAlphaDMG/Carved/Images/carve_0012.png	64x64
e67d30268901b19f0bba59a7dc7f77fd	Plug-Ins/Additional Art/Monsters/orangewierddemon.jpg	Assets/Legacy/Recovered/DragonAlphaDMG/Carved/HFSPartition/Images/carve_0118.jpg	64x64
e67d30268901b19f0bba59a7dc7f77fd	Plug-Ins/Additional Art/Monsters/orangewierddemon.jpg	Assets/Legacy/Recovered/DragonAlphaDMG/Carved/Images/carve_0118.jpg	64x64
e92d37ba2fdf68a0f915a63bf7a22995	Plug-Ins/Additional Art/Monsters/soldiercrossbow.jpg	Assets/Legacy/Recovered/DragonAlphaDMG/Carved/HFSPartition/Images/carve_0130.jpg	64x64
e92d37ba2fdf68a0f915a63bf7a22995	Plug-Ins/Additional Art/Monsters/soldiercrossbow.jpg	Assets/Legacy/Recovered/DragonAlphaDMG/Carved/Images/carve_0130.jpg	64x64
ea2b92f0bc7430ac69b812c71d76b579	Plug-Ins/Additional Art/Items/skullboots.jpg	Assets/Legacy/Recovered/DragonAlphaDMG/Carved/HFSPartition/Images/carve_0073.jpg	64x64
ea2b92f0bc7430ac69b812c71d76b579	Plug-Ins/Additional Art/Items/skullboots.jpg	Assets/Legacy/Recovered/DragonAlphaDMG/Carved/Images/carve_0073.jpg	64x64
ea983d1595c80fd60f12e156d0a61af4	Plug-Ins/Additional Art/Items/brownboots2.jpg	Assets/Legacy/Recovered/DragonAlphaDMG/Carved/HFSPartition/Images/carve_0027.jpg	64x64
ea983d1595c80fd60f12e156d0a61af4	Plug-Ins/Additional Art/Items/brownboots2.jpg	Assets/Legacy/Recovered/DragonAlphaDMG/Carved/Images/carve_0027.jpg	64x64
ebfe02a9f04f0da703c15ebdf7d2a68b	Plug-Ins/Additional Art/Items/shield2.jpg	Assets/Legacy/Recovered/DragonAlphaDMG/Carved/HFSPartition/Images/carve_0068.jpg	64x64
ebfe02a9f04f0da703c15ebdf7d2a68b	Plug-Ins/Additional Art/Items/shield2.jpg	Assets/Legacy/Recovered/DragonAlphaDMG/Carved/Images/carve_0068.jpg	64x64
ece41294641dc4c98a6eacd10a540848	Plug-Ins/Additional Art/Monsters/dead-cleaver.jpg	Assets/Legacy/Recovered/DragonAlphaDMG/Carved/HFSPartition/Images/carve_0088.jpg	64x64
ece41294641dc4c98a6eacd10a540848	Plug-Ins/Additional Art/Monsters/dead-cleaver.jpg	Assets/Legacy/Recovered/DragonAlphaDMG/Carved/Images/carve_0088.jpg	64x64
edc3291f23de105f32ab40b23dc0927d	Plug-Ins/Power Plug/Images/BattleMode/waterHit.png	Assets/Legacy/Recovered/DragonAlphaDMG/Carved/HFSPartition/Images/carve_0021.png	64x64
edc3291f23de105f32ab40b23dc0927d	Plug-Ins/Power Plug/Images/BattleMode/waterHit.png	Assets/Legacy/Recovered/DragonAlphaDMG/Carved/Images/carve_0021.png	64x64
f14ed77102bb269c1c4b767cac60c6d9	Plug-Ins/Additional Art/Items/chestopenempty.jpg	Assets/Legacy/Recovered/DragonAlphaDMG/Carved/HFSPartition/Images/carve_0033.jpg	64x64
f14ed77102bb269c1c4b767cac60c6d9	Plug-Ins/Additional Art/Items/chestopenempty.jpg	Assets/Legacy/Recovered/DragonAlphaDMG/Carved/Images/carve_0033.jpg	64x64
f98b50da09f48737d1eee822c85c7b86	Plug-Ins/Additional Art/Items/sabre.jpg	Assets/Legacy/Recovered/DragonAlphaDMG/Carved/HFSPartition/Images/carve_0065.jpg	64x64
f98b50da09f48737d1eee822c85c7b86	Plug-Ins/Additional Art/Items/sabre.jpg	Assets/Legacy/Recovered/DragonAlphaDMG/Carved/Images/carve_0065.jpg	64x64
fb68db4e829e00cc37525f729d8e1371	Plug-Ins/Additional Art/Monsters/goblinnew.jpg	Assets/Legacy/Recovered/DragonAlphaDMG/Carved/HFSPartition/Images/carve_0106.jpg	64x64
fb68db4e829e00cc37525f729d8e1371	Plug-Ins/Additional Art/Monsters/goblinnew.jpg	Assets/Legacy/Recovered/DragonAlphaDMG/Carved/Images/carve_0106.jpg	64x64
fc62b8e73e69217378b1489a355ef86c	Plug-Ins/Power Plug/Images/BattleMode/earthHit.png	Assets/Legacy/Recovered/DragonAlphaDMG/Carved/HFSPartition/Images/carve_0007.png	64x64
fc62b8e73e69217378b1489a355ef86c	Plug-Ins/Power Plug/Images/BattleMode/earthHit.png	Assets/Legacy/Recovered/DragonAlphaDMG/Carved/Images/carve_0007.png	64x64
ffaf28c60b773ca7429e182e7c38edc4	Plug-Ins/Additional Art/Monsters/goblinsodlier.jpg	Assets/Legacy/Recovered/DragonAlphaDMG/Carved/HFSPartition/Images/carve_0108.jpg	64x64
ffaf28c60b773ca7429e182e7c38edc4	Plug-Ins/Additional Art/Monsters/goblinsodlier.jpg	Assets/Legacy/Recovered/DragonAlphaDMG/Carved/Images/carve_0108.jpg	64x64
