64x64	1959	e242dcd453c92ce65103936cfb84258c	Assets/Legacy/Recovered/DragonAlphaDMG/Carved/HFSPartition/Images/carve_0001.png
64x64	2343	6ccf5f4eb98b3f87bae4816f7b826831	Assets/Legacy/Recovered/DragonAlphaDMG/Carved/HFSPartition/Images/carve_0002.png
64x64	2335	22a1524b45807287a1a844710ce022f8	Assets/Legacy/Recovered/DragonAlphaDMG/Carved/HFSPartition/Images/carve_0003.png
64x64	1900	31ef9bc0a07e9b2d6dd9b7494f53b823	Assets/Legacy/Recovered/DragonAlphaDMG/Carved/HFSPartition/Images/carve_0004.png
64x64	2218	cdb456cd58d071f3081b42221d028978	Assets/Legacy/Recovered/DragonAlphaDMG/Carved/HFSPartition/Images/carve_0005.png
64x64	1949	3857507755f88d52271c86d481954040	Assets/Legacy/Recovered/DragonAlphaDMG/Carved/HFSPartition/Images/carve_0006.png
64x64	2294	fc62b8e73e69217378b1489a355ef86c	Assets/Legacy/Recovered/DragonAlphaDMG/Carved/HFSPartition/Images/carve_0007.png
64x64	1965	a38e98d02bed4fa7c38106b12ef37816	Assets/Legacy/Recovered/DragonAlphaDMG/Carved/HFSPartition/Images/carve_0008.png
64x64	2350	2890d5f0a23fb5a27b4dbd2e5ff71035	Assets/Legacy/Recovered/DragonAlphaDMG/Carved/HFSPartition/Images/carve_0009.png
800x600	13507	243fd993c69e39c00870ff022bf75340	Assets/Legacy/Recovered/DragonAlphaDMG/Carved/HFSPartition/Images/carve_0010.png
4x64	1172	220132256d46d3da77927c12022003db	Assets/Legacy/Recovered/DragonAlphaDMG/Carved/HFSPartition/Images/carve_0011.png
64x64	1966	e42c7868f29b5afbc45225e92cf1c4a7	Assets/Legacy/Recovered/DragonAlphaDMG/Carved/HFSPartition/Images/carve_0012.png
384x64	3938	614e7db4ae0b62e31ba26354f42a8e48	Assets/Legacy/Recovered/DragonAlphaDMG/Carved/HFSPartition/Images/carve_0013.png
64x64	1961	6526796589fe08b0d2956bfc8317a208	Assets/Legacy/Recovered/DragonAlphaDMG/Carved/HFSPartition/Images/carve_0014.png
64x64	2325	c93fe5c03fb4e55654692fa42173cfaf	Assets/Legacy/Recovered/DragonAlphaDMG/Carved/HFSPartition/Images/carve_0015.png
64x64	1957	6a7710ac8b64c454dc00301a892a4a4b	Assets/Legacy/Recovered/DragonAlphaDMG/Carved/HFSPartition/Images/carve_0016.png
4x64	1172	13389f07bb0f72367cf86a4758f0d148	Assets/Legacy/Recovered/DragonAlphaDMG/Carved/HFSPartition/Images/carve_0017.png
64x64	1473	503072b991e1994839d19cc8ca00e573	Assets/Legacy/Recovered/DragonAlphaDMG/Carved/HFSPartition/Images/carve_0018.png
192x24	683	8762a67aa1096683ce5134268d977d71	Assets/Legacy/Recovered/DragonAlphaDMG/Carved/HFSPartition/Images/carve_0019.png
64x64	1968	81bc50e8e36e97c42c673cf83d12c493	Assets/Legacy/Recovered/DragonAlphaDMG/Carved/HFSPartition/Images/carve_0020.png
64x64	2345	edc3291f23de105f32ab40b23dc0927d	Assets/Legacy/Recovered/DragonAlphaDMG/Carved/HFSPartition/Images/carve_0021.png
64x64	1966	7e04cc7056099658986de49d2de92f39	Assets/Legacy/Recovered/DragonAlphaDMG/Carved/HFSPartition/Images/carve_0022.png
800x600	28505	b627421a5123d695e33ca02e28025aff	Assets/Legacy/Recovered/DragonAlphaDMG/Carved/HFSPartition/Images/carve_0023.png
328x80	3486	9a38de533f0ef616cc1ccc3f0b06ef3a	Assets/Legacy/Recovered/DragonAlphaDMG/Carved/HFSPartition/Images/carve_0024.png
328x80	3481	560442a824c9448ece067f025bdc6be1	Assets/Legacy/Recovered/DragonAlphaDMG/Carved/HFSPartition/Images/carve_0025.png
328x80	3479	b4bc958c4ddaef0ac0a1c9e448481161	Assets/Legacy/Recovered/DragonAlphaDMG/Carved/HFSPartition/Images/carve_0026.png
4x9	945	1a6d4adaf29f14986c8aa90a3ef906ef	Assets/Legacy/Recovered/DragonAlphaDMG/Carved/HFSPartition/Images/carve_0027.png
22x22	1227	506ff9e5839e33198fb538e779137f7d	Assets/Legacy/Recovered/DragonAlphaDMG/Carved/HFSPartition/Images/carve_0028.png
22x22	1337	1d6a7e424929fe66655379b4f2ab3d6a	Assets/Legacy/Recovered/DragonAlphaDMG/Carved/HFSPartition/Images/carve_0029.png
672x512	14192	5c5767e6b4879d8b5e987db3fecce77a	Assets/Legacy/Recovered/DragonAlphaDMG/Carved/HFSPartition/Images/carve_0030.png
800x600	122534	310abc1d0812e0ec3f215aee357aacb4	Assets/Legacy/Recovered/DragonAlphaDMG/Carved/HFSPartition/Images/carve_0031.png
32x512	3803	5dfaf1ac150ea48e4cac7029d5752bee	Assets/Legacy/Recovered/DragonAlphaDMG/Carved/HFSPartition/Images/carve_0032.png
640x16	1225	c35c3abab9bfefbf6980907fda0d8b3a	Assets/Legacy/Recovered/DragonAlphaDMG/Carved/HFSPartition/Images/carve_0033.png
800x600	146192	505aed1a861b641690e2784cc36dbbed	Assets/Legacy/Recovered/DragonAlphaDMG/Carved/HFSPartition/Images/carve_0034.png
64x64	1959	e242dcd453c92ce65103936cfb84258c	Assets/Legacy/Recovered/DragonAlphaDMG/Carved/Images/carve_0001.png
64x64	2343	6ccf5f4eb98b3f87bae4816f7b826831	Assets/Legacy/Recovered/DragonAlphaDMG/Carved/Images/carve_0002.png
64x64	2335	22a1524b45807287a1a844710ce022f8	Assets/Legacy/Recovered/DragonAlphaDMG/Carved/Images/carve_0003.png
64x64	1900	31ef9bc0a07e9b2d6dd9b7494f53b823	Assets/Legacy/Recovered/DragonAlphaDMG/Carved/Images/carve_0004.png
64x64	2218	cdb456cd58d071f3081b42221d028978	Assets/Legacy/Recovered/DragonAlphaDMG/Carved/Images/carve_0005.png
64x64	1949	3857507755f88d52271c86d481954040	Assets/Legacy/Recovered/DragonAlphaDMG/Carved/Images/carve_0006.png
64x64	2294	fc62b8e73e69217378b1489a355ef86c	Assets/Legacy/Recovered/DragonAlphaDMG/Carved/Images/carve_0007.png
64x64	1965	a38e98d02bed4fa7c38106b12ef37816	Assets/Legacy/Recovered/DragonAlphaDMG/Carved/Images/carve_0008.png
64x64	2350	2890d5f0a23fb5a27b4dbd2e5ff71035	Assets/Legacy/Recovered/DragonAlphaDMG/Carved/Images/carve_0009.png
800x600	13507	243fd993c69e39c00870ff022bf75340	Assets/Legacy/Recovered/DragonAlphaDMG/Carved/Images/carve_0010.png
4x64	1172	220132256d46d3da77927c12022003db	Assets/Legacy/Recovered/DragonAlphaDMG/Carved/Images/carve_0011.png
64x64	1966	e42c7868f29b5afbc45225e92cf1c4a7	Assets/Legacy/Recovered/DragonAlphaDMG/Carved/Images/carve_0012.png
384x64	3938	614e7db4ae0b62e31ba26354f42a8e48	Assets/Legacy/Recovered/DragonAlphaDMG/Carved/Images/carve_0013.png
64x64	1961	6526796589fe08b0d2956bfc8317a208	Assets/Legacy/Recovered/DragonAlphaDMG/Carved/Images/carve_0014.png
64x64	2325	c93fe5c03fb4e55654692fa42173cfaf	Assets/Legacy/Recovered/DragonAlphaDMG/Carved/Images/carve_0015.png
64x64	1957	6a7710ac8b64c454dc00301a892a4a4b	Assets/Legacy/Recovered/DragonAlphaDMG/Carved/Images/carve_0016.png
4x64	1172	13389f07bb0f72367cf86a4758f0d148	Assets/Legacy/Recovered/DragonAlphaDMG/Carved/Images/carve_0017.png
64x64	1473	503072b991e1994839d19cc8ca00e573	Assets/Legacy/Recovered/DragonAlphaDMG/Carved/Images/carve_0018.png
192x24	683	8762a67aa1096683ce5134268d977d71	Assets/Legacy/Recovered/DragonAlphaDMG/Carved/Images/carve_0019.png
64x64	1968	81bc50e8e36e97c42c673cf83d12c493	Assets/Legacy/Recovered/DragonAlphaDMG/Carved/Images/carve_0020.png
64x64	2345	edc3291f23de105f32ab40b23dc0927d	Assets/Legacy/Recovered/DragonAlphaDMG/Carved/Images/carve_0021.png
64x64	1966	7e04cc7056099658986de49d2de92f39	Assets/Legacy/Recovered/DragonAlphaDMG/Carved/Images/carve_0022.png
800x600	28505	b627421a5123d695e33ca02e28025aff	Assets/Legacy/Recovered/DragonAlphaDMG/Carved/Images/carve_0023.png
328x80	3486	9a38de533f0ef616cc1ccc3f0b06ef3a	Assets/Legacy/Recovered/DragonAlphaDMG/Carved/Images/carve_0024.png
328x80	3481	560442a824c9448ece067f025bdc6be1	Assets/Legacy/Recovered/DragonAlphaDMG/Carved/Images/carve_0025.png
328x80	3479	b4bc958c4ddaef0ac0a1c9e448481161	Assets/Legacy/Recovered/DragonAlphaDMG/Carved/Images/carve_0026.png
4x9	945	1a6d4adaf29f14986c8aa90a3ef906ef	Assets/Legacy/Recovered/DragonAlphaDMG/Carved/Images/carve_0027.png
22x22	1227	506ff9e5839e33198fb538e779137f7d	Assets/Legacy/Recovered/DragonAlphaDMG/Carved/Images/carve_0028.png
22x22	1337	1d6a7e424929fe66655379b4f2ab3d6a	Assets/Legacy/Recovered/DragonAlphaDMG/Carved/Images/carve_0029.png
672x512	14192	5c5767e6b4879d8b5e987db3fecce77a	Assets/Legacy/Recovered/DragonAlphaDMG/Carved/Images/carve_0030.png
800x600	122534	310abc1d0812e0ec3f215aee357aacb4	Assets/Legacy/Recovered/DragonAlphaDMG/Carved/Images/carve_0031.png
32x512	3803	5dfaf1ac150ea48e4cac7029d5752bee	Assets/Legacy/Recovered/DragonAlphaDMG/Carved/Images/carve_0032.png
640x16	1225	c35c3abab9bfefbf6980907fda0d8b3a	Assets/Legacy/Recovered/DragonAlphaDMG/Carved/Images/carve_0033.png
800x600	146192	505aed1a861b641690e2784cc36dbbed	Assets/Legacy/Recovered/DragonAlphaDMG/Carved/Images/carve_0034.png
