kind	checksum	source	curated	note
midi	1b5db6d3886c1e067782cb01494c2777	Assets/Legacy/Recovered/DragonAlphaDMG/Carved/HFSPartition/Midi/carve_0001.mid	Assets/Legacy/Recovered/DragonAlphaDMG/Curated/Midi/carve_0001.mid	ok
midi	2f41913162933a6320e3e0c34c2ab4a0	Assets/Legacy/Recovered/DragonAlphaDMG/Carved/HFSPartition/Midi/carve_0004.mid	Assets/Legacy/Recovered/DragonAlphaDMG/Curated/Midi/carve_0004.mid	ok
midi	506ab789f39ea5f700123375846c0115	Assets/Legacy/Recovered/DragonAlphaDMG/Carved/HFSPartition/Midi/carve_0008.mid	Assets/Legacy/Recovered/DragonAlphaDMG/Curated/Midi/carve_0008.mid	ok
midi	75d9208d13a0ad2ed5a918434003ee30	Assets/Legacy/Recovered/DragonAlphaDMG/Carved/HFSPartition/Midi/carve_0005.mid	Assets/Legacy/Recovered/DragonAlphaDMG/Curated/Midi/carve_0005.mid	ok
midi	7be8146a29898565c22cb0c11e225267	Assets/Legacy/Recovered/DragonAlphaDMG/Carved/HFSPartition/Midi/carve_0003.mid	Assets/Legacy/Recovered/DragonAlphaDMG/Curated/Midi/carve_0003.mid	ok
midi	af8717518020a88b938a7529279ee83f	Assets/Legacy/Recovered/DragonAlphaDMG/Carved/HFSPartition/Midi/carve_0009.mid	Assets/Legacy/Recovered/DragonAlphaDMG/Curated/Midi/carve_0009.mid	ok
midi	ceed1fe46650dbf16b8a0ca3f2af94cb	Assets/Legacy/Recovered/DragonAlphaDMG/Carved/HFSPartition/Midi/carve_0002.mid	Assets/Legacy/Recovered/DragonAlphaDMG/Curated/Midi/carve_0002.mid	ok
midi	d2c2848d0b394364ce1f6c7cf0be8ba9	Assets/Legacy/Recovered/DragonAlphaDMG/Carved/HFSPartition/Midi/carve_0006.mid	Assets/Legacy/Recovered/DragonAlphaDMG/Curated/Midi/carve_0006.mid	ok
midi	d60e3f1731e54533696f1ab68dc9208a	Assets/Legacy/Recovered/DragonAlphaDMG/Carved/HFSPartition/Midi/carve_0011.mid	Assets/Legacy/Recovered/DragonAlphaDMG/Curated/Midi/carve_0011.mid	ok
midi	ffa21db5622d976a57e932d9efb9f4d9	Assets/Legacy/Recovered/DragonAlphaDMG/Carved/HFSPartition/Midi/carve_0007.mid	Assets/Legacy/Recovered/DragonAlphaDMG/Curated/Midi/carve_0007.mid	ok
midi	1b5db6d3886c1e067782cb01494c2777	Assets/Legacy/Recovered/DragonAlphaDMG/Carved/HFSPartition/Midi/carve_0001.mid	Assets/Legacy/Recovered/DragonAlphaDMG/Curated/Midi/carve_0001.mid	ok
midi	2f41913162933a6320e3e0c34c2ab4a0	Assets/Legacy/Recovered/DragonAlphaDMG/Carved/HFSPartition/Midi/carve_0004.mid	Assets/Legacy/Recovered/DragonAlphaDMG/Curated/Midi/carve_0004.mid	ok
midi	506ab789f39ea5f700123375846c0115	Assets/Legacy/Recovered/DragonAlphaDMG/Carved/HFSPartition/Midi/carve_0008.mid	Assets/Legacy/Recovered/DragonAlphaDMG/Curated/Midi/carve_0008.mid	ok
midi	75d9208d13a0ad2ed5a918434003ee30	Assets/Legacy/Recovered/DragonAlphaDMG/Carved/HFSPartition/Midi/carve_0005.mid	Assets/Legacy/Recovered/DragonAlphaDMG/Curated/Midi/carve_0005.mid	ok
midi	7be8146a29898565c22cb0c11e225267	Assets/Legacy/Recovered/DragonAlphaDMG/Carved/HFSPartition/Midi/carve_0003.mid	Assets/Legacy/Recovered/DragonAlphaDMG/Curated/Midi/carve_0003.mid	ok
midi	af8717518020a88b938a7529279ee83f	Assets/Legacy/Recovered/DragonAlphaDMG/Carved/HFSPartition/Midi/carve_0009.mid	Assets/Legacy/Recovered/DragonAlphaDMG/Curated/Midi/carve_0009.mid	ok
midi	ceed1fe46650dbf16b8a0ca3f2af94cb	Assets/Legacy/Recovered/DragonAlphaDMG/Carved/HFSPartition/Midi/carve_0002.mid	Assets/Legacy/Recovered/DragonAlphaDMG/Curated/Midi/carve_0002.mid	ok
midi	d2c2848d0b394364ce1f6c7cf0be8ba9	Assets/Legacy/Recovered/DragonAlphaDMG/Carved/HFSPartition/Midi/carve_0006.mid	Assets/Legacy/Recovered/DragonAlphaDMG/Curated/Midi/carve_0006.mid	ok
midi	d60e3f1731e54533696f1ab68dc9208a	Assets/Legacy/Recovered/DragonAlphaDMG/Carved/HFSPartition/Midi/carve_0011.mid	Assets/Legacy/Recovered/DragonAlphaDMG/Curated/Midi/carve_0011.mid	ok
midi	ffa21db5622d976a57e932d9efb9f4d9	Assets/Legacy/Recovered/DragonAlphaDMG/Carved/HFSPartition/Midi/carve_0007.mid	Assets/Legacy/Recovered/DragonAlphaDMG/Curated/Midi/carve_0007.mid	ok
